id,official_id,name,birthday,party_id,is_active
1,2,Abílio Sousa e Silva,1943-04-02,1,0
2,3,Adão José Fonseca Silva,1957-10-01,1,1
3,4,Adérito Manuel Soares Campos,1957-08-27,1,0
4,5,Adriano da Silva Pinto,1939-09-15,1,0
5,6,Alberto Cerqueira de Oliveira,1944-01-24,1,0
6,7,Alberto Monteiro de Araújo,1951-03-19,1,0
7,8,Álvaro Jose Martins Viegas,1963-08-13,1,0
8,9,Álvaro Roque de Pinho Bissaia Barreto,1936-01-01,1,0
9,10,Ana Paula Matos Barros,1965-04-26,1,0
10,11,Antonio do Carmo Branco Malveiro,1948-04-17,1,0
11,12,António Esteves Morgado,1945-10-18,1,0
12,13,António Germano Fernandes de Sá e Abreu,1952-10-16,1,0
13,14,António Joaquim Correia Vairinhos,1955-06-17,1,0
14,15,António José Barradas Leitão,1954-04-04,1,0
15,16,Antonio José Caeiro da Motta Veiga,1951-06-08,1,0
16,17,António Manuel Fernandes Alves,1932-06-12,1,0
17,18,António Maria Pereira,1924-02-12,1,0
18,19,Antonio Moreira Barbosa de Melo,1932-11-02,1,0
19,20,António Paulo Martins Pereira Coelho,1958-04-27,1,0
20,21,António Roleira Marinho,1942-12-13,1,0
21,22,António da Silva Bacelar,1936-09-25,1,0
22,23,Aristides Alves do Nascimento Teixeira,1945-06-01,1,0
23,24,Arlindo da Silva Andre Moreira,1940-11-20,1,0
24,25,Armando de Carvalho Guerreiro da Cunha,1921-10-28,1,0
25,26,Arménio dos Santos,1945-11-22,1,1
26,27,Belarmino Henriques Correia,1940-11-17,1,0
27,28,Bernardino Gata Silva,1946-01-01,1,0
28,29,Carlos Alberto Lopes Pereira,1953-09-25,1,0
29,30,Carlos de Almeida Figueiredo,1962-01-12,1,0
30,31,Carlos Lélis da Camara Gonçalves,1931-10-31,1,0
31,32,Carlos Manuel Duarte de Oliveira,1957-02-18,1,0
32,33,Carlos Manuel Marta Gonçalves,1957-04-07,1,0
33,34,Carlos Manuel de Oliveira da Silva,1958-03-22,1,0
34,35,Carlos Miguel Maximiano de Almeida Coelho,1960-05-20,1,0
35,36,Carlos Miguel de Vallere Pinheiro de Oliveira,1961-04-18,1,0
36,37,Cecília Pita Catarino,1949-04-21,1,0
37,38,Delmar Ramiro Palas,1950-02-01,1,0
38,39,Dinah Serrao Alhandra,1932-04-03,1,0
39,40,Domingos Duarte Lima,1955-11-20,1,0
40,41,Domingos Jose Soares D' Almeida Lima,1948-10-24,1,0
41,42,Duarte Rogério Matos Ventura Pacheco,1965-11-25,1,1
42,43,Eduardo Alfredo de Carvalho Pereira da Silva,1959-02-02,1,0
43,44,Eloi Franklin Fernandes Ribeiro,1953-04-02,1,0
44,45,Ema Maria Pereira Leite Loia Paulista,1944-04-28,1,0
45,46,Fernando Carlos Branco Marques de Andrade,1950-12-06,1,0
46,47,Fernando Jose Antunes Gomes Pereira,1964-01-26,1,0
47,48,Fernando Jose Russo Roque Correia Afonso,1929-07-03,1,0
48,49,Fernando Monteiro do Amaral,1925-01-13,1,0
49,50,Fernando dos Reis Condesso,1946-10-09,1,0
50,51,Fernando dos Santos Antunes,1949-09-19,1,0
51,52,Fernando Santos Pereira,1960-05-27,1,0
52,53,Filipe Manuel da Silva Abreu,1947-07-24,1,0
53,54,Francisco Antunes da Silva,1948-03-04,1,0
54,55,Francisco Joao Bernardino da Silva,1950-03-12,1,0
55,56,Guido Orlando de Freitas Rodrigues,1935-04-21,1,0
56,57,Hilário Torres Azevedo Marques,1940-04-19,1,0
57,58,Isilda Maria Renda Periquito Pires Martins,1940-08-16,1,0
58,59,Jaime Carlos Marta Soares,1943-03-15,1,0
59,60,Jaime Gomes Milhomens,1962-05-24,1,0
60,61,João Alberto Granja dos Santos Silva,1963-09-27,1,0
61,62,João Álvaro Poças Santos,1959-06-29,1,0
62,63,João Domingos Fernandes de Abreu Salgado,1950-04-18,1,0
63,64,João Eduardo Dias Madeira Gouveia,1958-07-11,1,0
64,65,João Granja Rodrigues da Fonseca,1941-01-18,1,0
65,66,João José Pedreira de Matos,1958-06-27,1,0
66,67,João José da Silva Maçãs,1947-03-01,1,0
67,68,João do Lago de Vasconcelos Mota,1942-11-12,1,0
68,69,João Maria Leitão de Oliveira Martins,1934-10-31,1,0
69,70,Joaquim Cardoso Martins,1948-03-10,1,0
70,71,Joaquim Eduardo Gomes,1949-10-14,1,0
71,72,Joaquim Manuel Cabrita Neto,1940-09-22,1,0
72,73,Joaquim Maria Fernandes Marques,1946-01-11,1,0
73,74,Joaquim Vilela de Araújo,1943-02-14,1,0
74,75,Jorge Paulo de Seabra Roque da Cunha,1960-05-04,1,0
75,76,José Alberto Puig dos Santos Costa,1961-06-03,1,0
76,77,José de Almeida Cesário,1958-07-20,1,1
77,78,José Álvaro Machado Pacheco Pereira,1949-01-06,1,0
78,79,José Ângelo Ferreira Correia,1945-07-18,1,0
79,80,Jose Antonio Peixoto Lima,1959-02-18,1,0
80,81,José Augusto Santos da Silva Marques,1938-11-07,1,0
81,82,José Bernardo Veloso Falcão e Cunha,1932-01-21,1,0
82,83,José Fortunato Freitas Costa Leite,1944-06-16,1,0
83,84,Jose Guilherme Reis Leite,1943-12-25,1,0
84,85,José Júlio Carvalho Ribeiro,1935-09-23,1,0
85,86,José Leal Ferreira da Piedade,1942-01-24,1,0
86,87,José Leite Machado,1935-02-18,1,0
87,88,José Macário Custódio Correia,1957-04-01,1,0
88,89,José Manuel Borregana Meireles,1962-10-12,1,0
89,90,José Manuel da Silva Costa,1952-10-30,1,0
90,91,José Mário Gaspar,1962-09-21,1,0
91,92,Jose de Oliveira Costa,1935-08-30,1,0
92,93,Jose Pereira Lopes,1939-11-01,1,0
93,94,Leonardo Eugenio Ramos Ribeiro de Almeida,1924-09-19,1,0
94,95,Licínio Moreira da Silva,1936-07-31,1,0
95,96,Luís António Carrilho da Cunha,1950-10-27,1,0
96,97,Luís António Martins,1946-03-27,1,0
97,98,Luís Carlos David Nobre,1965-07-08,1,0
98,99,Luís Filipe Garrido Pais de Sousa,1958-01-20,1,0
99,100,Luís Manuel Costa Geraldes,1950-03-02,1,0
100,101,Manuel Acácio Martins Roque,1956-01-08,1,0
101,102,Manuel Albino Casimiro de Almeida,1939-10-11,1,0
102,103,Manuel Antero da Cunha Pinto,1962-07-18,1,0
103,104,Manuel Castro de Almeida,1957-10-28,1,0
104,105,Manuel da Costa Andrade,1944-10-08,1,0
105,106,Manuel Joaquim Baptista Cardoso,1948-04-10,1,0
106,107,Manuel de Lima Amorim,1934-05-27,1,0
107,108,Manuel Maria Moreira,1956-09-02,1,0
108,109,Manuel da Silva Azevedo,1950-10-19,1,0
109,110,Maria da Conceição Figueira Rodrigues,1957-10-27,1,0
110,111,Maria da Conceição Ulrich de Castro Pereira,1934-04-17,1,0
111,112,Maria Fernanda Cardoso Correia da Mota Pinto,1936-03-29,1,0
112,113,Maria Fernanda Dias Cardoso,1965-04-14,1,0
113,114,Maria Leonor Couceiro Pizarro Beleza de Mendonça Tavares,1948-11-23,1,0
114,115,Maria Luisa Lourenço Ferreira,1936-01-19,1,0
115,116,Maria de Lurdes Borges Povoa Pombo Costa,1945-10-22,1,0
116,117,Maria Manuela Aguiar Dias Moreira,1942-06-09,1,0
117,118,Marília Dulce Coelho Pires Morgado Raimundo,1945-07-24,1,0
118,119,Mário Jorge Belo Maciel,1961-02-05,1,0
119,120,Mário Oliveira Mendes dos Santos,1944-01-06,1,0
120,121,Mário da Silva Coutinho Albuquerque,1940-11-19,1,0
121,122,Melchior Ribeiro Pereira Moreira,1964-01-23,1,0
122,123,Miguel Bento Martins da Costa de Macedo e Silva,1959-05-06,1,1
123,124,Miguel Fernando Cassola de Miranda Relvas,1961-09-05,1,1
124,125,Nuno Francisco Fernandes Delerue Alvim de Matos,1960-08-14,1,0
125,126,Olinto Henrique da Cruz Ravara,1954-08-13,1,0
126,127,Pedro Domingos de Souza e Holstein Campilho,1949-12-15,1,0
127,128,Pedro Manuel Cruz Roseta,1943-06-29,1,0
128,129,Pedro Manuel Mamede Passos Coelho,1964-07-24,1,1
129,130,Rui Alberto Limpo Salvada,1943-03-25,1,0
130,131,Rui Carlos Alvarez Carp,1950-04-21,1,0
131,132,Rui Fernando da Silva Rio,1957-08-06,1,0
132,133,Rui Manuel Lobo Gomes da Silva,1958-08-23,1,0
133,134,Rui Manuel Parente Chancerelle de Machete,1940-04-07,1,0
134,135,Simão José Ricon Peres,1945-02-09,1,0
135,136,Telmo Jose Moreno,1947-05-20,1,0
136,137,Vasco Francisco Aguiar Miguel,1949-06-27,1,0
137,138,Virgílio de Oliveira Carneiro,1940-03-27,1,0
138,139,Vítor Manuel da Igreja Raposo,1966-06-01,1,0
139,140,Vítor Pereira Crespo,1932-12-02,1,0
140,141,Abílio Aleixo Curto,1941-01-01,2,0
141,142,Alberto Arons Braga de Carvalho,1949-09-20,2,0
142,143,Alberto Bernardes Costa,1947-08-16,2,1
143,144,Alberto Manuel Avelino,1940-11-26,2,0
144,145,Américo Albino da Silva Salteiro,1934-08-13,2,0
145,146,Ana Maria Dias Bettencourt,1946-01-08,2,0
146,147,António de Almeida Santos,1926-02-15,2,0
147,148,António Alves Marques Júnior,1946-07-03,2,0
148,149,António Alves Martinho,1949-03-02,2,0
149,150,António Carlos Ribeiro Campos,1938-07-04,2,0
150,151,Antonio Domingues de Azevedo,1950-04-07,2,0
151,152,António Fernandes da Silva Braga,1953-04-21,2,1
152,153,António Fernando Correia de Campos,1942-12-14,2,0
153,154,António José Borrani Crisóstomo Teixeira,1942-07-18,2,0
154,155,António José Martins Seguro,1962-03-11,2,1
155,156,António Luís Santos da Costa,1961-07-17,2,0
156,157,Antonio Ribeiro Marques da Silva,1932-07-31,2,0
157,158,Armando António Martins Vara,1954-03-27,2,0
158,159,Artur Rodrigues Pereira dos Penedos,1950-09-20,2,0
159,160,Carlos Cardoso Lage,1944-11-21,2,0
160,161,Carlos Manuel Luís,1950-05-23,2,0
161,162,Edite Fátima Santos Marreiros Estrela,1949-10-28,2,0
162,163,Eduardo Luís Barreto Ferro Rodrigues,1949-11-03,2,1
163,164,Eduardo Ribeiro Pereira,1927-06-28,2,0
164,165,Elisa Maria Ramos Damião,1946-09-10,2,0
165,166,Eurico Jose Palheiros de Carvalho Figueiredo,1939-03-24,2,0
166,167,Fernando Alberto Pereira Marques,1948-04-16,2,0
167,168,Fernando Alberto Pereira de Sousa,1942-10-01,2,0
168,169,Fernando Manuel Lucio Marques da Costa,1953-12-07,2,0
169,170,Guilherme Valdemar Pereira de Oliveira Martins,1952-09-23,2,0
170,171,Gustavo Rodrigues Pimenta,1944-01-29,2,0
171,172,Helena de Melo Torres Marques,1941-05-08,2,0
172,173,Jaime José Matos da Gama,1947-06-08,2,0
173,174,João António Gomes Proença,1947-07-29,2,0
174,175,Joao Eduardo Coelho Ferraz de Abreu,1917-05-28,2,0
175,176,João Maria de Lemos de Menezes Ferreira,1950-05-20,2,0
176,177,João Rui Gaspar de Almeida,1945-07-12,2,0
177,178,Joaquim Américo Fialho Anastácio,1942-12-26,2,0
178,179,Jorge Lacão Costa,1954-09-04,2,1
179,180,Jorge Paulo Sacadura Almeida Coelho,1954-07-17,2,0
180,181,José Alberto Rebelo dos Reis Lamego,1953-01-05,2,0
181,182,Jose Antonio Martins Goulart,1948-06-07,2,0
182,183,José Apolinário Nunes Portada,1962-07-22,2,0
183,184,José Barbosa Mota,1952-03-27,2,0
184,185,José Eduardo Vera Cruz Jardim,1939-01-02,2,0
185,186,José Ernesto Figueira dos Reis,1947-03-16,2,0
186,187,José Manuel Lello Ribeiro de Almeida,1944-05-18,2,1
187,188,Jose Manuel Oliveira Gameiro dos Santos,1950-02-25,2,0
188,189,José Manuel Santos de Magalhães,1952-03-16,2,1
189,190,José Maximiano de Albuquerque Almeida Leitão,1950-04-27,2,0
190,191,José Narciso Rodrigues de Miranda,1949-07-30,2,0
191,192,José Rodrigues Pereira dos Penedos,1945-10-08,2,0
192,193,Júlio Francisco Miranda Calha,1947-11-17,2,1
193,194,Júlio da Piedade Nunes Henriques,1938-03-31,2,0
194,195,Leonor Coutinho Pereira dos Santos,1947-03-02,2,0
195,196,Luís Filipe Nascimento Madeira,1940-09-30,2,0
196,197,Luís Manuel Capoulas dos Santos,1951-08-22,2,0
197,198,Manuel Antonio dos Santos,1943-12-05,2,0
198,199,Maria Julieta Ferreira Baptista Sampaio,1938-11-19,2,0
199,200,Maria Teresa Doria Santa Clara Gomes,1936-01-31,2,0
200,201,Mário Manuel Videira Lopes,1950-01-27,2,0
201,202,Raúl Fernando Sousela da Costa Brito,1945-12-10,2,0
202,203,Rogério da Conceição Serafim Martins,1928-09-30,2,0
203,204,Rosa Maria da Silva Bastos da Horta Albernaz,1947-09-04,2,1
204,205,Rui António Ferreira da Cunha,1944-10-23,2,0
205,206,Rui do Nascimento Rabaça Vieira,1948-04-14,2,0
206,207,Vitor Manuel Caio Roque,1946-02-25,2,0
207,208,Agostinho Nuno de Azevedo Ferreira Lopes,1944-11-16,3,1
208,209,António Filipe Gaião Rodrigues,1963-01-28,3,1
209,210,Jerónimo Carvalho de Sousa,1947-04-13,3,1
210,211,João António Gonçalves do Amaral,1943-12-07,3,0
211,212,João Cerveira Corregedor da Fonseca,1938-10-12,3,0
212,213,José Manuel Maia Nunes de Almeida,1945-09-23,3,0
213,214,José Manuel Tavares Reis Morais,1965-03-15,3,0
214,215,Lino António Marques de Carvalho,1946-10-04,3,0
215,216,Luís Manuel da Silva Viana de Sá,1952-02-12,3,0
216,217,Manuel Rogério de Sousa Brito,1945-12-20,3,0
217,218,Maria de Lourdes Dias Fernandes Hespanhol,1950-09-26,3,0
218,219,Maria Odete dos Santos,1941-04-26,3,0
219,220,Mário António Baptista Tomé,1940-09-30,3,0
220,221,Miguel Urbano Tavares Rodrigues,1925-08-02,3,0
221,222,Octávio Augusto Teixeira,1944-08-06,3,0
222,223,Adriano Jose Alves Moreira,1922-09-15,4,0
223,224,Casimiro da Silva Tavares,1933-01-29,4,0
224,225,José Girão Pereira,1938-03-01,4,0
225,226,José Luis Nogueira de Brito,1938-01-13,4,0
226,227,Manuel de Almeida Cambra,1929-07-08,4,0
227,228,Manuel Tomás Cortez Rodrigues Queiró,1954-11-12,4,0
228,229,Narana Sinai Coissoró,1931-10-03,4,0
229,230,André Valente Martins,1953-06-06,5,0
230,231,Isabel Maria de Almeida e Castro,1954-06-10,5,0
231,232,Manuel Sérgio Vieira e Cunha,1933-04-20,6,0
232,233,Alberto Marques de Oliveira e Silva,1924-10-09,2,0
233,234,Carlos Manuel Natividade da Costa Candal,1938-06-01,2,0
234,235,Manuel Alegre de Melo Duarte,1936-05-12,2,0
235,236,Carlos Alberto do Vale Gomes Carvalhas,1941-11-09,3,0
236,237,Fernando Manuel Alves Cardoso Ferreira,1948-01-14,1,0
237,238,Antonio de Carvalho Martins,1953-09-01,1,0
238,239,António dos Santos Pires Afonso,1954-08-19,1,0
239,240,José Agostinho Ribau Esteves,1966-10-21,1,0
240,246,Hermínio José Sobral Loureiro Gonçalves,1965-12-30,1,0
241,248,Jose Manuel Alves Elias da Costa,1952-10-13,1,0
242,249,José Mendes Bota,1955-08-04,1,1
243,252,Amilcar António Bengla Mourão,,1,0
244,256,Eurico Silva Teixeira de Melo,1925-09-28,1,0
245,257,Isabel Maria Lucena Vasconcelos Cruz de Almeida Mota,,1,0
246,258,Antonio Joaquim Bastos Marques Mendes,1934-03-30,1,0
247,259,Amândio Santa Cruz Domingues Basto Oliveira,1949-01-12,1,0
248,261,Fernando Jose da Costa,1950-04-20,1,0
249,262,Laurentino José Monteiro Castro Dias,1954-02-04,2,1
250,263,Luís Emídio Lopes Mateus Fazenda,1957-10-08,7,1
251,269,José Mário de Lemos Damião,1940-10-20,1,0
252,270,Jose Albino da Silva Peneda,1950-06-06,1,0
253,271,José Maria Lopes Silvano,,1,0
254,272,João Manuel dos Santos Henriques,1956-04-05,1,0
255,273,Carlos Alberto Pinto,1947-07-16,1,0
256,274,Jose Manuel Nunes Liberato,1951-06-18,1,0
257,277,Nuno Miguel Fontao Correia de Almeida Santos,,1,0
258,280,Carlos Manuel de Sousa Encarnação,1946-09-30,1,0
259,281,Álvaro dos Santos Amaro,1953-05-25,1,0
260,282,Cipriano Rodrigues Martins,1939-12-12,1,0
261,283,Manuel Estácio Marques Flórido,1941-03-29,1,0
262,285,José Sócrates Carvalho Pinto de Sousa,1957-09-06,2,0
263,286,Joaquim Manuel Barros de Sousa,1936-10-22,1,0
264,287,Joaquim Martins Ferreira do Amaral,1945-04-13,1,0
265,288,Luís António Damásio Capoulas,1949-02-11,1,0
266,289,Maria José Paulo Caixeiro Barbosa Correia,1947-08-29,1,0
267,294,José Manuel Álvares da Costa e Oliveira,1949-07-23,1,0
268,299,Carlos José das Neves Martins,1961-06-16,1,0
269,300,Manuel Joaquim Dias Loureiro,1951-12-18,1,0
270,301,Júlio José Saraiva Sarmento,1957-03-04,1,0
271,302,Nuno Jose Vaz,1952-08-01,1,0
272,303,João José Pina Prata,1963-06-04,1,1
273,305,Arlindo Gomes de Carvalho,1945-02-10,1,0
274,306,Álvaro José Brilhante Laborinho Lúcio,1941-12-01,1,0
275,307,Manuel Simoes Rodrigues Marques,1949-07-29,1,0
276,308,João Carlos Barreiras Duarte,1964-10-22,1,0
277,313,Mário Júlio Montalvão Machado,,1,0
278,314,António D'orey Capucho,1945-01-03,1,0
279,315,Pedro Miguel de Santana Lopes,1956-06-29,1,0
280,317,Maria Teresa Pinto Basto Gouveia,1946-07-18,1,0
281,318,Antonio Poppe Lopes Cardoso,1933-03-27,2,0
282,319,Maria Manuela Dias Ferreira Leite,1940-12-03,1,0
283,320,Antonio Costa de Albuquerque de Sousa Lara,1952-04-13,1,0
284,321,Francisco José Fernandes Martins,1952-03-09,1,0
285,324,Fernando Pedro Peniche de Sousa Moutinho,1962-06-27,1,0
286,325,Jose Luis de Rezende Moreira da Silva,1961-08-26,1,0
287,333,Joaquim Fernando Nogueira,1950-03-26,1,0
288,334,João de Deus Rogado Salvador Pinheiro,1945-07-11,1,0
289,335,Arlindo Marques da Cunha,1950-11-15,1,0
290,336,Luís Filipe Menezes Lopes,1953-11-02,1,0
291,338,Alípio Barrosa Pereira Dias,1943-03-10,1,0
292,339,Jorge Avelino Braga de Macedo,1946-12-01,1,0
293,340,Joaquim Manuel Pereira de Almeida e Silva,1963-01-09,1,0
294,348,Luis Fernando de Mira Amaral,1945-12-04,1,0
295,349,Anabela Honorio Matias,1966-01-28,1,0
296,350,António Augusto Fidalgo,1952-10-15,1,0
297,356,António Fernando Couto dos Santos,1949-05-18,1,1
298,357,Carlos Filipe Pereira de Oliveira,1956-12-19,1,0
299,370,Luís Manuel Gonçalves Marques Mendes,1957-09-05,1,0
300,371,Américo de Sequeira,1932-01-01,1,0
301,377,Nuno Manuel Franco Ribeiro da Silva,1954-09-17,1,0
302,383,José Manuel Durão Barroso,1956-03-23,1,0
303,384,José Luís Campos Vieira de Castro,1941-10-24,1,0
304,390,João Bosco Soares Mota Amaral,1943-04-15,1,1
305,391,Pedro Antonio de Bettencourt Gomes,1966-10-12,1,0
306,397,Manuel Filipe Correia de Jesus,1941-12-16,1,1
307,399,João Carlos Teixeira Baltazar Gomes,1962-10-08,1,0
308,407,Antero Gaspar de Paiva Vieira,1953-03-23,2,0
309,409,Helder Oliveira dos Santos Filipe,1947-11-18,2,0
310,410,Manuel Afonso da Silva Strecht Monteiro,1941-05-17,2,0
311,411,Manuel Francisco dos Santos Valente,1949-07-05,2,0
312,412,Aníbal Coelho da Costa,1930-09-13,2,0
313,413,Luís António Pita Ameixa,1960-10-13,2,1
314,417,Fernando Ribeiro Moniz,1953-07-29,2,0
315,420,Joel Maria da Silva Ferro,1943-11-27,2,0
316,423,Manuel Luís Gomes Vaz,1951-10-05,2,0
317,428,Fernando Pereira Serrasqueiro,1951-06-20,2,1
318,429,José Carlos da Cruz Lavrador,1946-10-09,2,0
319,430,Teresa Maria Gonçalves Gil Oliveira Pereira Narciso,1950-08-11,2,0
320,433,José Carlos Sena Belo Megre,1939-05-11,2,0
321,434,Nuno Augusto Dias Filipe,1941-03-10,2,0
322,435,João Paulo de Abreu Correia Alves,1963-06-24,2,0
323,437,Horácio André Antunes,1946-03-05,2,0
324,438,José Carlos das Dores Zorrinho,1959-05-28,2,1
325,440,Domingos Fernandes Cordeiro,1953-12-26,2,0
326,443,Joaquim Dias da Silva Pinto,1935-07-06,2,0
327,448,Eduardo Mendes de Brito,1955-06-25,2,0
328,456,João Paulo Feteira Pedrosa,1965-09-29,2,1
329,458,Jorge Fernando Branco de Sampaio,1939-09-18,2,0
330,459,João Cardona Gomes Cravinho,1936-09-19,2,0
331,460,Acácio Manuel de Frias Barreiros,1948-03-24,2,0
332,462,Alberto de Sousa Martins,1945-04-25,2,1
333,463,Fernando Gomes Ka,1953-09-10,2,0
334,467,Carlos Justino Luis Cordeiro,1933-12-27,2,0
335,473,Francisco Jose Pinto Camilo,1950-11-17,2,0
336,476,António José Ceia da Silva,1963-04-11,2,0
337,479,José Manuel Marques da Silva Lemos,1958-04-28,2,0
338,480,Fernando Antão de Oliveira Ramos,1933-10-02,2,0
339,482,Paula Cristina Ferreira Guimarães Duarte,1965-11-11,2,0
340,484,José da Conceiçao Saraiva,1945-11-28,2,0
341,487,Fernando Manuel de Jesus,1950-06-04,2,1
342,494,José Manuel Niza Antunes Mendes,,2,0
343,506,Manuel da Mata de Cáceres,1940-03-08,2,0
344,507,Joel Eduardo Neves Hasse Ferreira,1944-07-13,2,0
345,516,José Carlos Lourenço Tavares Pereira,1948-06-01,2,0
346,521,Maria Margarida da Costa e Silva Pereira Taveira de Sousa,1957-04-19,1,0
347,522,Antonio Chaves Medeiros,1940-11-12,2,0
348,527,José Eduardo dos Reis,1942-12-24,2,0
349,528,Alberto da Silva Cardoso,1952-12-01,2,0
350,532,Rui Manuel Pereira Marques,1953-09-23,4,0
351,533,José Paulo Martins Casaca,1957-07-02,2,0
352,536,Rui Pedro Lopes Machado Ávila,1952-06-22,2,0
353,538,Luís Filipe Marques Amado,1953-09-17,2,0
354,539,Rita Maria Dias Pestana Cachuxo,1953-09-24,2,0
355,542,Maria Isabel Ferreira Coelho de Sena Lino,1946-08-14,2,1
356,546,António Manuel dos Santos Murteira,1947-09-20,3,0
357,551,Abílio Miguel Joaquim Dias Fernandes,1938-02-22,3,0
358,555,Domingos Abrantes Ferreira,1936-01-19,3,0
359,559,Daniel dos Reis Branco,1945-05-24,3,0
360,562,António Simões de Abreu,1947-08-06,3,0
361,564,Luís Carlos Martins Peixoto,1955-10-28,3,0
362,567,Amândio Braulino Freitas,1950-09-06,3,0
363,568,Raúl Fernandes de Morais e Castro,1921-08-25,3,0
364,570,Vitor Manuel Rodrigues Ranita,1939-10-10,3,0
365,578,Acílio Domingues Gala,1929-12-18,4,0
366,579,João Carlos da Silva Pinho,1964-10-20,4,0
367,580,Juvenal Alcides da Silva Costa,1956-06-01,4,0
368,581,Manuel Jose Flores Ferreira dos Ramos,1964-10-18,4,0
369,582,Maria da Conceição Seixas de Almeida,1962-01-18,4,0
370,583,Antonio Monteiro de Castro,1952-07-15,4,0
371,584,João Paulo de Castro Morais Gomes,1957-05-06,4,0
372,587,Maria Helena Sa Oliveira de Miranda Barbosa,1951-09-05,4,0
373,588,Diogo Pinto de Freitas do Amaral,1941-07-21,4,0
374,590,Luís Afonso Cortez Rodrigues Queiró,1953-07-02,4,0
375,595,Nuno Jorge Lopes Correia da Silva,1966-09-26,4,0
376,612,Maria Helena Falcão Ramos Ferreira Mourão,1951-06-18,1,0
377,613,António Bernardo Aranha da Gama Lobo Xavier,1959-10-16,4,0
378,614,Maria Celeste Lopes da Silva Correia,1948-10-08,2,1
379,616,Manuel Garcia Correia,1952-11-25,3,0
380,617,Apolónia Maria Alberto Pereira Teixeira,1950-03-14,3,0
381,618,Guilherme Henrique Valente Rodrigues da Silva,1943-07-16,1,1
382,619,Emanuel Vasconcelos Jardim Fernandes,1944-01-21,2,0
383,620,José Guilherme Pereira Coelho dos Reis,1930-03-22,1,0
384,628,António Manuel de Oliveira Guterres,1949-04-30,2,0
385,629,Pedro Augusto Cunha Pinto,1956-10-24,1,1
386,645,António Carlos de Sousa Pinto,1962-12-04,1,0
387,646,Marco António Ribeiro dos Santos Costa,1967-05-18,1,0
388,677,Manuel José Mártires Rodrigues,1949-08-22,2,0
389,682,José Miguel Abreu de Figueiredo Medeiros,1960-12-31,2,0
390,688,Maria Irene Marques Veloso,1945-12-07,2,0
391,689,Jorge Manuel Damas Martins Rato,1959-05-12,2,0
392,691,Nuno Manuel Pereira Baltazar Mendes,1958-03-26,2,0
393,695,Maria da Luz Gameiro Beja Ferreira Rosinha,,2,0
394,722,Paulo José Fernandes Pedroso,1965-04-28,2,0
395,728,Rosalina Maria Barbosa Martins,1955-12-22,2,0
396,733,Miguel Bernardo Ginestal Machado Monteiro Albuquerque,1965-09-01,2,1
397,738,Manuel Maria Ferreira Carrilho,1951-07-09,2,0
398,744,Gil Tristao Cardoso de Freitas França,1947-07-22,2,0
399,753,Arménio Horácio Alves Carlos,1955-06-24,3,0
400,761,Alexandrino Augusto Saldanha,1948-11-16,3,0
401,774,Paulo Jorge de Agostinho Trindade,1953-12-09,3,0
402,780,José Luís Teixeira Ferreira,1962-08-27,5,1
403,803,João Pedro Furtado da Cunha Semedo,1951-06-20,7,1
404,815,José Fernando Araujo Calçada,1946-07-01,3,0
405,828,Antonio Luis Pimenta Dias,1956-11-03,3,0
406,832,Paulo Manuel da Silva Gonçalves Rodrigues,1948-01-25,3,0
407,833,Vicente José Rosado Merendas,1948-06-14,3,0
408,834,Heloísa Augusta Baião de Brito Apolónia,1969-06-26,5,1
409,839,Pedro Manuel Bastos Rodrigues Soares,1957-03-06,7,0
410,840,Álvaro José de Oliveira Saraiva,1962-02-22,5,0
411,841,Manuel da Fonseca Martins,,4,0
412,842,Álvaro de Almeida Rosa,1945-10-12,4,0
413,881,Ismael António dos Santos Gomes Pimentel,1960-10-16,4,0
414,991,Cândido Capela Dias,1947-12-08,3,0
415,1010,Alberto Queiroga Figueiredo,1950-04-09,1,0
416,1011,Filomena Maria Beirao Mortagua Salgado Freitas Bordalo,1947-02-28,1,0
417,1012,Jorge Manuel Lopes Moreira da Silva,1971-04-24,1,0
418,1013,João Manuel Lobo de Araújo,1952-01-01,1,1
419,1022,Eugénio Fernando de Sá Cerqueira Marinho,1964-06-13,1,0
420,1023,Maria do Rosário Lopes Amaro da Costa da Luz Carneiro,1948-10-14,2,0
421,1024,José Alberto Cardoso Marques,1953-08-26,2,0
422,1025,Artur Clemente Gomes de Sousa Lopes,1940-12-27,2,0
423,1026,Manuel Martinho Pinheiro dos Santos Gonçalves,1958-01-01,2,0
424,1027,Albino Gonçalves da Costa,1968-05-13,2,0
425,1028,Sónia Ermelinda Matos da Silva Fertuzinhos,1973-01-12,2,1
426,1029,Armando Augusto de Castro Ferreira,1955-03-08,2,0
427,1039,Manuel Fernando da Silva Monteiro,1962-04-01,4,0
428,1040,António Carlos Brochado de Sousa Pedras,1949-12-22,4,0
429,1042,Durval Tiago Moreira Fonseca e Castro Ferreira,1972-07-30,4,0
430,1047,João Nuno Lacerda Teixeira de Melo,1966-03-18,4,0
431,1048,Altino Bernardo Lemos Bessa,1969-08-02,4,1
432,1058,Bernardino José Torrão Soares,1971-09-15,3,1
433,1083,Luís José de Mello e Castro Guedes,1955-09-03,4,0
434,1084,Maria José Pinto da Cunha Avilez Nogueira Pinto,1952-03-23,1,1
435,1085,Maria Manuela Guedes Outeiro Pereira Moniz,1955-12-23,4,0
436,1086,Jorge Alexandre Silva Ferreira,1961-08-28,4,0
437,1087,Pedro Jose Del-Negro Feist,1936-03-11,4,0
438,1102,Luís Pedro Russo da Mota Soares,1974-05-29,4,1
439,1117,João Maria Abrunhosa Sousa,1939-01-01,4,0
440,1128,Maria Eduarda de Almeida Azevedo,1956-05-17,1,0
441,1129,Vasco Valente Correia Guedes,1941-11-21,1,0
442,1131,Francisco Xavier Pablo da Silva Torres,1959-01-02,2,0
443,1132,António Costa Rodrigues,1958-05-30,1,1
444,1135,Maria Helena Passos Rosa Lopes da Costa,1953-04-06,1,0
445,1140,Gabriel Corte-Real Carvalho Goucha,1962-05-28,1,1
446,1147,António Alfredo Delgado da Silva Preto,1958-11-18,1,0
447,1153,José Augusto Clemente de Carvalho,1948-12-18,2,0
448,1154,Maria Helena do Rêgo da Costa Salema Roseta,1947-12-23,2,0
449,1155,Manuel Jorge Pedrosa Forte de Goes,1956-02-27,2,0
450,1156,António Bento da Silva Galamba,1968-11-11,2,0
451,1157,José Pinto Simões,1946-12-12,2,0
452,1158,Manuel Alberto Barbosa de Oliveira,1942-10-13,2,0
453,1159,Manuel Porfirio Varges,1943-09-11,2,0
454,1160,Umberto Pereira Pacheco,1952-11-27,2,0
455,1161,José Tomás Vasques,1951-09-06,2,0
456,1162,Gonçalo Matos Correia de Almeida Velho,1970-07-31,2,0
457,1163,Joaquim Moreira Raposo,1954-01-01,2,0
458,1164,Artur Miguel Claro da Fonseca Mora Coelho,1952-07-04,2,1
459,1165,Raimundo Pedro Narciso,1938-06-18,2,0
460,1166,Claudio Ramos Monteiro,1964-09-27,2,0
461,1167,Natalina Nunes Esteves Pires Tavares de Moura,1942-12-09,2,0
462,1168,José Manuel Rosa do Egípto,1953-06-06,2,0
463,1169,Maria Eduarda Bento Alves Ferronha,1931-11-25,2,0
464,1170,Rui José da Costa Pereira,1964-07-27,2,1
465,1171,Carlos Alberto Pinto de Oliveira,1947-08-03,2,0
466,1172,Maria Manuela de Almeida Costa Augusto,1955-09-07,2,0
467,1173,Armando Jorge Paulino Domingos,1954-08-25,2,0
468,1176,Casimiro Francisco Ramos,1962-11-05,2,0
469,1177,Manuel Ferreira Jerónimo,1929-11-04,2,0
470,1180,António Manuel Dias Baptista,1958-01-30,2,0
471,1182,Ruben Luis Tristão de Carvalho e Silva,1944-07-21,3,0
472,1184,Joaquim Manuel da Fonseca Matias,1949-03-03,3,0
473,1192,Carmen Isabel Amador Francisco,1970-10-22,5,0
474,1194,Lucília Maria Samoreno Ferra,1964-01-01,1,0
475,1205,António Manuel de Carvalho Ferreira Vitorino,1957-01-12,2,0
476,1206,Aires Manuel Jacinto de Carvalho,1952-10-10,2,0
477,1207,Fernando Garcia dos Santos,1946-05-02,2,0
478,1208,Maria Fernanda dos Santos Martins Catarino Costa,1953-01-01,2,0
479,1209,José de Matos Leitão,1951-01-01,2,0
480,1210,Maria Amélia Macedo Antunes,1952-02-10,2,0
481,1211,Carlos Manuel Amândio,1958-01-01,2,0
482,1212,Ana Catarina Veiga Santos Mendonça Mendes,1973-01-14,2,1
483,1217,Nuno Kruz Abecasis,1929-01-01,4,0
484,1218,António Almeida Figueiredo Barbosa Pombeiro,1949-05-18,4,0
485,1234,Adalberto Paulo da Fonseca Mendo,1932-10-03,1,0
486,1235,Carlos Eugenio Pereira de Brito,1935-11-19,1,0
487,1236,António Manuel Taveira da Silva,1954-01-21,1,0
488,1237,Domingos Dias Gomes,1940-07-03,1,0
489,1238,Sérgio André da Costa Vieira,1970-08-22,1,0
490,1239,Luís Maria de Barros Serra Marques Guedes,1957-08-25,1,0
491,1240,Bernardino Manuel de Vasconcelos,1947-01-01,1,0
492,1241,Pedro José da Vinha Rodrigues Costa,1960-10-15,1,0
493,1242,João Eduardo Guimarães Moura de Sá,1967-06-02,1,0
494,1243,Maria do Céu Baptista Ramos,1962-08-02,1,0
495,1244,José Carlos Pires Póvoas,1954-10-18,1,0
496,1245,António Edmundo Barbosa Montalvão Machado,1952-12-09,1,0
497,1252,Luciano da Silva Gomes,1943-02-16,1,0
498,1260,Fernando Manuel dos Santos Gomes,1946-04-13,2,0
499,1261,Daniel Bessa Fernandes Coelho,1948-01-01,2,0
500,1262,Francisco José Pereira de Assis Miranda,1965-01-08,2,1
501,1263,Maria Jesuína Carrilho Bernardo,1943-11-25,2,0
502,1264,Sérgio Paulo Mendes de Sousa Pinto,1972-07-29,2,1
503,1265,Isabel Maria Teixeira de Carvalho Pedroto,1961-01-01,2,0
504,1266,Rosa Maria Correia dos Santos Mota,1958-01-01,2,0
505,1267,Joaquim Augusto Nunes Pina Moura,1952-02-22,2,0
506,1268,Joaquim Barbosa Ferreira Couto,1951-05-01,2,0
507,1269,Júlio Manuel de Castro Lopes Faria,1942-04-24,2,0
508,1270,Jorge Manuel Gouveia Strecht Ribeiro,1943-09-07,2,0
509,1271,Luís Pedro de Carvalho Martins,1968-10-07,2,0
510,1272,José Afonso Teixeira de Magalhães Lobão,1951-02-13,2,0
511,1273,José Fernando Rabaça Barradas e Silva,1947-04-12,2,0
512,1274,Pedro Luis da Rocha Baptista,1948-04-20,2,0
513,1275,Sérgio Carlos Branco Barros e Silva,1966-07-11,2,0
514,1276,José Manuel Oliveira de Sousa Peixoto,1948-08-01,2,0
515,1277,Patrícia Monte Pinto Ribeiro,1972-09-13,2,0
516,1278,Augusto Ernesto Santos Silva,1956-08-20,2,1
517,1286,Manuel Maria Mendonça da Silva Carvalho,1957-06-04,4,0
518,1287,Sílvio Rui Neves Correia Gonçalves Cervan,1969-03-26,4,0
519,1288,Augusto Torres Boucinha,1946-02-04,4,0
520,1289,Fernando Jose de Moura e Silva,1958-03-02,4,0
521,1290,Álvaro António Magalhães Ferrão de Castello-Branco,1961-04-16,4,0
522,1310,Henrique Jorge Campos Cunha,1943-04-19,4,0
523,1316,Cristiano Manuel Soares Ribeiro,1956-05-06,3,0
524,1317,José Miguel Pacheco Gonçalves,1973-02-05,5,0
525,1337,António Manuel do Carmo Saleiro,1952-10-29,2,0
526,1338,Agostinho Marques Moleiro,1945-09-27,2,0
527,1339,José Batista Mestre Soeiro,1948-01-17,3,0
528,1340,Júlio Meirinhos Santana,1954-12-05,2,0
529,1341,José Augusto Gama,1942-03-02,1,0
530,1342,Antonio Fernando da Cruz Oliveira,1955-07-17,1,0
531,1343,João Calvão da Silva,1952-02-20,1,0
532,1344,Fausto de Sousa Correia,1951-10-29,2,0
533,1346,Carlos Alberto Cardoso Rodrigues Beja,1949-03-06,2,0
534,1347,Francisco Fernando Osório Gomes,1941-07-23,2,0
535,1348,Maria João Fernandes Rodrigues,1955-09-25,2,0
536,1349,António Fernando Marques Ribeiro Reis,1948-05-09,2,0
537,1350,Gilberto Parca Madail,1944-12-14,1,0
538,1351,Manuel Alves de Oliveira,1957-11-14,1,0
539,1352,Paulo Sacadura Cabral Portas,1962-09-12,4,1
540,1354,Júlio José Pina Vilela,1954-10-05,1,0
541,1358,Martim Afonso Pacheco Gracias,1934-03-27,2,0
542,1359,Maria do Carmo Romão Sacadura dos Santos,1937-08-25,2,0
543,1360,Paulo Jorge dos Santos Neves,1967-04-20,2,0
544,1361,Jorge Manuel Fernandes Valente,1954-09-17,2,0
545,1365,Carlos Eduardo da Silva e Sousa,1957-04-13,1,1
546,1366,António dos Santos Aguiar Gouveia,1944-01-01,1,0
547,1367,Antonio Soares Gomes,1940-09-29,1,0
548,1368,Carlos Alberto Dias dos Santos,1954-03-28,2,0
549,1369,Victor Brito de Moura,1949-06-22,2,0
550,1371,Henrique Jose de Sousa Neto,1936-04-27,2,0
551,1372,Arnaldo Augusto Homem Rebelo,1954-01-01,2,0
552,1373,Osvaldo Alberto Rosário Sarmento e Castro,1946-08-10,2,0
553,1374,João Pedro da Silva Correia,1965-06-24,2,0
554,1375,Maria de Lurdes Ferreira da Silva Farinha,1947-05-19,2,0
555,1380,Jorge Manuel Rosendo Gonçalves,1955-08-17,2,1
556,1383,José Gonçalves Sapinho,1938-08-28,1,0
557,1384,Paulo Jorge Frazão Batista dos Santos,1968-12-03,1,1
558,1385,Gonçalo Filipe Ribas Ribeiro da Costa,1960-06-30,4,0
559,1386,Fernando Manuel Gomes da Encarnação,1961-05-15,4,0
560,1400,Francisco Manuel Pepino Fonenga,1948-04-24,2,0
561,1401,Artur Ryder Torres Pereira,1950-08-22,1,0
562,1403,Ana Maria Benavente da Silva Nuno,1945-08-11,2,0
563,1404,Silvino Manuel Gomes Sequeira,1948-07-24,2,0
564,1405,Rui Manuel Palácio Carreteiro,1967-08-03,2,0
565,1406,José Antonio Ribeiro Mendes,1962-07-25,2,0
566,1407,Nelson Madeira Baltazar,1951-06-15,2,0
567,1410,Vasco Manuel Henriques Cunha,1965-03-23,1,1
568,1414,Maria Helena Pereira Nogueira Santo,1962-10-05,4,0
569,1416,Carlos Alberto Maia Neto,1967-01-21,4,0
570,1423,Maria Luísa Raimundo Mesquita,1949-04-10,3,0
571,1430,Antonino da Silva Antunes,1946-05-15,1,0
572,1431,Antonio Rui Esteves Solheiro,1954-01-09,2,0
573,1433,Jose de Sampaio Lopes,1944-02-01,2,0
574,1434,Manuel Joaquim Barata Frexes,1956-10-10,1,0
575,1435,José Adelmo Gouveia Bordalo Junqueiro,1953-06-28,2,1
576,1436,Joaquim Sebastiao Sarmento da Fonseca Almeida,1952-02-18,2,0
577,1437,Isabel Maria Soares Pinto Zacarias,1957-01-01,2,0
578,1439,João Alberto Martins Sobral,1957-05-27,2,0
579,1441,Antonio Jorge de Figueiredo Lopes,1937-01-01,1,0
580,1443,Adriano de Lima Gouveia Azevedo,1960-01-01,1,0
581,1446,António Afonso de Pinto Galvão Lucas,1944-09-19,4,0
582,1447,Francisco Amadeu Gonçalves Peixoto,1958-11-18,4,0
583,1450,José Helder do Amaral,1967-06-08,4,1
584,1458,Carlos Alberto Silva Gonçalves,1961-10-20,1,1
585,1461,António Jorge Mammerickx da Trindade,1948-01-01,2,0
586,1462,Arlindo Cipriano Oliveira,1942-09-16,2,0
587,1463,Rolando Lima Lalanda Gonçalves,1959-07-18,1,0
588,1467,José Manuel de Medeiros Ferreira,1942-02-20,2,0
589,1468,Sérgio Humberto Rocha de Ávila,1968-12-28,2,0
590,1469,Jose Maria Teixeira Dias,1937-02-09,2,0
591,1473,José Domingos de Ascensão Cabeças,1952-02-27,2,0
592,1474,Pedro Ricardo Cavaco Castanheira Jorge,1973-11-16,2,0
593,1475,Rui Manuel dos Santos Namorado,1941-04-30,2,0
594,1477,Jaime Adalberto Simoes Ramos,1952-01-01,1,0
595,1478,Gonçalo Dinis Quaresma Sousa Capitão,1971-05-09,1,0
596,1479,José Manuel Macedo Abrantes,1953-01-01,1,0
597,1482,António José Gavino Paixão,1963-09-19,2,0
598,1483,Paulo Jorge Lúcio Arsénio,1971-10-29,2,0
599,1484,José Raúl Guerreiro Mendes dos Santos,1959-07-11,1,0
600,1485,António João Rodeia Machado,1948-03-07,3,0
601,1488,Luís Afonso Cerqueira Natividade Candal,1971-03-02,2,0
602,1489,Augusto Carlos dos Santos Leite,1954-04-14,2,0
603,1490,João Carlos da Costa Ferreira da Silva,1964-03-17,2,0
604,1491,Aníbal Marcelino Gouveia,1936-01-11,2,0
605,1493,Maria Amélia Rodrigues Costa de Brito,1951-01-01,2,0
606,1494,Maria Cecília Reis de Almeida Oliveira,1952-01-01,1,0
607,1496,Isménia Aurora Salgado dos Anjos Vieira Franco,1946-02-07,1,0
608,1500,Alda Maria Antunes Vieira,1949-06-23,4,0
609,1501,Rui Miguel Gama Vasconcelos Pedrosa de Moura,1969-05-17,4,0
610,1512,José Carlos Correia Mota de Andrade,1955-11-25,2,1
611,1513,Adérito Joaquim Ferro Pires,1963-05-06,2,0
612,1515,Luís Manuel Areias Fontes,1968-01-01,2,0
613,1517,Rui Jorge Cordeiro Gonçalves dos Santos,1969-01-24,2,1
614,1518,Eduardo Eugenio Castro de Azevedo Soares,1941-01-23,1,0
615,1519,Jose Manuel Costa Pereira,1950-11-11,1,0
616,1521,Vital Martins Moreira,1944-11-08,2,0
617,1525,João Soares Palmeiro Novo,1963-06-18,2,0
618,1528,António José Guimarães Fernandes Dias,1955-12-17,2,0
619,1537,Hugo José Teixeira Velosa,1948-04-18,1,1
620,1538,Maria de Lourdes Lara Teixeira,1955-01-13,1,0
621,1540,Maria do Carmo de Jesus Amaro Sequeira,1953-01-19,2,0
622,1541,Luís António do Rosário Veríssimo,1943-06-11,2,0
623,1542,Filipe Mesquita Vital,1974-05-18,2,0
624,1543,Bernardo Coelho de Pinho,1947-08-25,4,0
625,1544,Carlos Manuel de Sá Correia,1963-02-14,4,0
626,1545,Armelim Santos Amaral,1946-03-03,4,0
627,1547,Mafalda Cristina Mata de Oliveira Troncho,1973-11-23,2,0
628,1548,Dinis Manuel Prata Costa,1972-11-12,2,0
629,1550,António Alves Cardoso,1953-10-27,2,1
630,1551,Rui Manuel Leal Marqueiro,1952-06-09,2,0
631,1552,Margarida Maria Santos Soares da Rocha Gariso,1961-01-01,2,0
632,1553,Teresa Maria Neto Venda,1953-08-30,2,0
633,1554,Carlos Filipe de Andrade Neto Brandão,1968-09-09,2,1
634,1557,Armando Manuel Dinis Vieira,1948-06-03,1,0
635,1558,António Manuel da Cruz Silva,1943-05-23,1,0
636,1559,Gonçalo Miguel Lopes Breda Marques,1970-09-07,1,0
637,1561,Luís Filipe Montenegro Cardoso de Morais Esteves,1973-02-16,1,1
638,1567,João Macedo Lourenço,1950-08-24,2,0
639,1569,Luís Miguel Gomes Miranda Teixeira,1969-11-06,2,0
640,1570,Ricardo Manuel Ferreira Gonçalves,1957-09-13,2,1
641,1571,Isabel Maria Pinto Nunes Jorge,1953-02-10,2,0
642,1577,Luís Cirilo Amorim de Campos Carvalho,1959-10-20,1,0
643,1578,Joaquim Virgílio Leite Almeida Costa,1943-10-23,1,0
644,1579,Tomé Silvério Gonçalves Macedo,1942-06-27,1,0
645,1581,Joaquim Monteiro da Mota e Silva,1971-11-09,1,0
646,1584,José Duarte de Almeida Ribeiro e Castro,1953-12-24,4,1
647,1586,Luís Manuel Machado Rodrigues,1939-09-04,1,0
648,1588,Fernando Manuel Lopes Penha Pereira,1948-05-13,1,0
649,1590,Maria Teresa de Oliveira Ferreira Coimbra,1929-11-29,2,0
650,1591,Luis Manuel Ferreira Parreirão Gonçalves,1959-10-09,2,0
651,1592,Vítor Manuel Bento Baptista,1952-05-27,2,0
652,1593,Maria do Céu da Cruz Vidal Lourenço,1957-02-08,2,0
653,1594,Maria Antónia Moreno Areias de Almeida Santos,1963-02-14,2,1
654,1596,Nuno Miguel Marta de Oliveira da Silva Freitas,1971-06-22,1,0
655,1600,Jamila Bárbara Madeira e Madeira,1975-07-17,2,0
656,1602,Luís Manuel dos Santos Silva Patrão,1954-12-08,2,0
657,1603,Carlos Alberto,1945-06-26,2,0
658,1604,Carlos José Gonçalves Vieira de Matos,,2,0
659,1606,David Jorge Mascarenhas dos Santos,1960-06-07,1,0
660,1607,Mário Patinha Antão,1945-06-26,1,0
661,1608,Francisco Augusto Caimoto Amaral,1955-10-21,1,0
662,1609,Nuno Miguel Sancho Cruz Ramos,1971-04-07,1,0
663,1610,Maria do Carmo Pires Almeida Borges,1947-12-30,2,0
664,1611,António José Santinho Pacheco,1951-09-01,2,0
665,1612,Ana Maria Sequeira Mendes Pires Manso,1956-03-30,1,0
666,1613,José António Tenreiro Patrocínio,1960-10-31,1,0
667,1616,Isabel Maria Batalha Vigia Polaco de Almeida,,2,0
668,1617,António Jorge Freire de Brito Calvete,1959-04-22,2,0
669,1619,Feliciano José Barreiras Duarte,1966-04-19,1,1
670,1620,José António de Sousa e Silva,1955-01-17,1,0
671,1621,Maria Ofélia Fernandes dos Santos Moleiro,1949-06-21,1,0
672,1622,Ana Maria Martins Narciso,1955-08-25,1,0
673,1625,Maria Celeste Ferreira Lopes Cardona,1951-06-30,4,0
674,1627,Maria Amélia do Carmo Mota Santos,1952-08-25,2,0
675,1628,José Miguel Marques Boquinhas,1949-10-16,2,0
676,1629,João Francisco Gomes Benavente,1946-05-22,2,0
677,1630,Antonio Fernando Menezes Rodrigues,1942-12-20,2,0
678,1631,Maria Custódia Barbosa Fernandes Costa,1939-06-20,2,0
679,1632,Vítor Manuel Alves Peixoto,1947-09-29,2,0
680,1633,Emanuel Silva Martins,1952-01-06,2,0
681,1634,Carla Maria Nunes Tavares Gaspar,1970-08-15,2,0
682,1635,Vítor Manuel Lontrão Carola,1959-01-01,2,0
683,1638,José Luís Fazenda Arnaut Duarte,1963-03-04,1,0
684,1639,José Eduardo Rego Mendes Martins,1969-12-09,1,0
685,1640,José David Gomes Justino,1953-01-29,1,0
686,1641,Henrique José Praia da Rocha de Freitas,1961-03-13,1,0
687,1643,José Manuel de Matos Correia,1963-05-08,1,1
688,1644,José Frederico de Lemos Salter Cid,1954-08-13,1,0
689,1645,Henrique José Monteiro Chaves,1951-04-16,1,0
690,1651,Francisco Anacleto Louçã,1956-11-12,7,1
691,1652,Fernando José Mendes Rosas,1946-04-18,7,0
692,1653,Maria Helena Augusto das Neves Gorjão,1954-01-01,7,0
693,1654,João Guilherme Nobre Prata Fragoso Rebelo,1970-02-02,4,1
694,1655,Telmo Augusto Gomes de Noronha Correia,1960-02-04,4,1
695,1656,António Carlos Bivar Branco de Penha Monteiro,1968-05-31,4,0
696,1657,João Rodrigo Pinho de Almeida,1976-09-11,4,1
697,1658,Maria de Fátima Caeiro Queimado Amaral,1951-04-08,3,0
698,1659,Maria Natália Gomes Filipe,1966-12-30,3,0
699,1660,José Carlos Pinto Basto Mota Torres,1950-06-19,2,0
700,1661,José António Teixeira Cardoso,1950-06-13,2,0
701,1665,Zelinda Margarida Carmo Marouço Oliveira Semedo,1948-02-28,2,0
702,1666,Luiz Manuel Fagundes Duarte,1954-10-06,2,0
703,1667,Isabel Maria dos Santos Barata,1964-08-19,2,0
704,1671,Maria de Belém Roseira Martins Coelho Henriques de Pina,1949-07-28,2,1
705,1672,Maria Isabel da Silva Pires de Lima,1952-07-10,2,0
706,1673,Maria Luísa Silva Vasconcelos,1969-10-07,2,0
707,1674,José Aurélio da Silva Barros Moura,1944-10-08,2,0
708,1675,Agostinho Moreira Gonçalves,1952-07-15,2,0
709,1676,Elisa Maria da Costa Guimarães Ferreira,1955-10-17,2,0
710,1677,Bruno Renato Sutil Moreira de Almeida,1972-01-30,2,0
711,1678,Manuel Maria Diogo,1954-02-06,2,0
712,1679,Renato Luís de Araújo Forte Sampaio,1952-05-03,2,1
713,1680,Helena Maria Mesquita Ribeiro,1967-10-30,2,0
714,1681,Manuel Joaquim Barbosa Ribeiro,1949-04-20,2,0
715,1682,Eduarda Maria Castro de Sousa,1951-04-09,2,0
716,1683,José Manuel Pereira Ribeiro,1971-08-21,2,0
717,1684,Maria de Lurdes Ruivo,1958-11-05,2,0
718,1686,Pedro Miguel de Azeredo Duarte,1973-07-12,1,0
719,1687,Jorge Manuel Ferraz de Freitas Neto,1957-01-03,1,0
720,1692,Maria Natália Guterres Viegas Carrascalão da Conceição Antunes,1952-12-24,1,0
721,1693,Manuel Ricardo Dias dos Santos Fonseca de Almeida,1974-03-27,1,0
722,1694,Maria Eduarda Dias de Sousa Brandão,1952-08-10,1,0
723,1696,José Honório Faria Gonçalves Novo,1950-10-24,3,1
724,1698,José Miguel Nunes Anacoreta Correia,1944-01-01,4,0
725,1699,Carlos Manuel Carvalho Cunha,1953-01-11,2,0
726,1700,Vitalino José Ferreira Prova Canas,1959-07-14,2,1
727,1701,Luísa Pinheiro Portugal,1951-09-16,2,0
728,1702,José Miguel Correia Noras,1956-02-01,2,0
729,1703,João Pedro de Aleluia Gomes Sequeira,1974-02-12,2,0
730,1704,Maria José Vidal do Rosário Campos,1944-06-19,2,0
731,1706,João Manuel Moura Rodrigues,1971-07-08,1,0
732,1709,António de Magalhães Pires de Lima,1962-04-07,4,0
733,1710,António Herculano Gonçalves,1955-05-30,4,0
734,1711,Alberto Marques Antunes,1949-04-03,2,0
735,1712,José Manuel Pires Epifânio,1954-10-26,2,0
736,1713,Bruno Jorge Viegas Vitorino,1971-05-15,1,1
737,1715,Bruno Ramos Dias,1976-10-19,3,1
738,1719,Raúl Miguel de Oliveira Rosado Fernandes,1934-07-11,4,0
739,1721,Nuno Fernando Teixeira Ferreira da Silva,1971-07-04,2,0
740,1723,Carlos Parente Antunes,1947-09-05,1,0
741,1724,Jose Daniel Rosas Campelo da Rocha,,4,0
742,1725,José Augusto Meleiro Rodrigues,1955-03-28,4,0
743,1726,Vitor Manuel Sampaio Caetano Ramalho,1948-07-21,2,0
744,1727,Alexandre Antonio Alves Chaves,1948-09-11,2,0
745,1730,Francisco Baptista Tavares,1955-06-28,1,0
746,1731,António da Silva Pinto de Nazaré Pereira,1953-12-17,1,0
747,1732,António Manuel Santana Abelha,1956-10-14,1,0
748,1733,Luís Pedro Machado Sampaio de Sousa Pimentel,1970-04-16,1,1
749,1736,Fernando Jorge Loureiro de Roboredo Seara,1956-04-01,1,0
750,1737,Armindo Telmo Antunes Ferreira,1966-05-11,1,0
751,1738,Pedro Filipe dos Santos Alves,1972-12-30,1,1
752,1739,Atílio dos Santos Nunes,1938-09-29,1,0
753,1740,Basílio Adolfo de Mendonça Horta da Franca,1943-11-16,2,1
754,1741,Paulo Alexandre de Carvalho Pisco,1961-08-22,2,1
755,1742,Mário Henrique de Almeida Santos David,1953-08-20,1,0
756,1743,Ulisses Manuel Brandão Pereira,1954-02-04,1,1
757,1762,Ana Margarida Lopes Botelho,,3,0
758,1773,João Miguel Trancoso Vaz Teixeira Lopes,1969-08-15,7,0
759,1785,Francisco Miguel Baudoin Madeira Lopes,1975-01-02,5,0
760,1798,Fernando Carlos Almeida Pésinho,,5,0
761,1799,António José Carlos Pinho,1972-09-25,4,0
762,1800,Luís Miguel Capão Filipe,1961-06-10,4,0
763,1801,Raúl Mário Carvalho Camelo de Almeida,1968-05-08,4,1
764,1814,João Barroso Soares,1949-08-29,2,1
765,1817,António Manuel Alves Pereira,1948-01-06,4,0
766,1824,José Augusto Granja Rodrigues da Fonseca,1949-08-17,1,0
767,1825,Luís Filipe Alexandre Rodrigues,1966-02-05,1,0
768,1826,Joaquim Carlos Vasconcelos da Ponte,1956-06-06,1,1
769,1831,Ofélia Maria Lapo Guerreiro,,2,0
770,1834,Fernando Alves Moreno,1959-01-01,4,0
771,1835,José Martins Pires da Silva,1954-11-27,4,0
772,1839,José Alberto Leal Fateixa Palmeiro,1958-09-02,2,0
773,1840,José Miguel Gonçalves Miranda,1972-10-23,1,0
774,1841,Américo Jaime Afonso Pereira,1963-10-03,2,0
775,1844,Alberto Pedro Caetano,1950-05-28,1,0
776,1847,Victor do Couto Cruz,1963-03-10,1,0
777,1848,Judite Maria Jorge da Silva,1965-05-11,1,0
778,1851,Maria Gabriela da Silveira Ferreira Canavilhas,1961-03-29,2,1
779,1855,Jorge Manuel de Oliveira Godinho,,1,0
780,1856,José Manuel Ferreira Nunes Ribeiro,1969-04-18,1,0
781,1857,Jorge Tadeu Correia Franco Morgado,1971-07-02,1,0
782,1858,António Fernando de Pina Marques,1957-02-10,1,0
783,1863,Manuel Miguel Pinheiro Paiva,1959-03-23,4,0
784,1864,Luís Alberto da Silva Miranda,,2,0
785,1865,Nelson Domingos Brito,,2,0
786,1867,José António Fonseca Vieira da Silva,1953-02-14,2,1
787,1872,José Alberto Vasconcelos Tavares Moreira,1944-10-10,1,0
788,1873,António Maria Almeida Braga Pinheiro Torres,1962-04-11,1,0
789,1874,Carlos Jorge Martins Pereira,1973-02-15,1,0
790,1875,Maria Goreti Sá Maia da Costa Machado,1952-10-15,1,0
791,1876,Rui Miguel Lopes Martins de Mendes Ribeiro,,1,0
792,1877,Jorge José Varanda Pereira,1966-10-28,1,0
793,1878,José Agostinho Veloso da Silva,1963-08-01,1,0
794,1880,Maria José Araújo Morais,1966-02-24,1,0
795,1884,José Manuel de Lemos Pavão,1941-11-04,1,0
796,1885,Ana Paula Rodrigues Malojo,1964-09-22,1,0
797,1886,Maria Elisa Rogado Contente Domingues,1950-06-04,1,0
798,1887,António Ribeiro Cristóvão,1939-07-07,1,0
799,1888,Francisco Manuel Coelho Ferreira Pimentel,1953-03-16,1,0
800,1889,Valter Victorino Lemos,1956-08-08,2,0
801,1890,Maria Cristina Vicente Pires Granada,1964-05-18,2,0
802,1892,Vitor Manuel Barreto Marinho da Cunha,1951-05-21,2,0
803,1893,Pedro Artur Barreirinhas Sales Guedes Coimbra,1973-04-01,2,0
804,1896,Salvador Manuel Correia Massano Cardoso,1951-01-11,1,0
805,1897,Maria Teresa da Silva Morais,1959-07-21,1,1
806,1898,Miguel Fernando Alves Ramos Coleta,1971-09-07,1,0
807,1899,José Manuel dos Santos Alves,1961-12-07,1,0
808,1902,Joaquim Miguel Parelho Pimenta Raimundo,1960-09-24,1,0
809,1903,Vitor José Cabrita Neto,1943-07-18,2,0
810,1904,António Francisco Ventura Pina,1945-09-06,2,0
811,1905,Fernando Mimoso Negrão,1955-11-29,1,1
812,1906,João José Gago Horta,1943-11-11,1,0
813,1907,Luís Filipe Soromenho Gomes,1973-04-14,1,0
814,1909,Vasco Jorge Valdez Ferreira Matias,1953-09-28,1,0
815,1910,Gustavo de Sousa Duarte,1957-02-02,1,0
816,1915,Maria da Graça Ferreira Proença de Carvalho,1962-11-07,1,0
817,1916,Daniel Miguel Rebelo,1975-12-24,1,0
818,1917,Fernando José Pimenta Rodrigues,1954-08-27,1,0
819,1921,Isabel Maria de Sousa Gonçalves dos Santos,1952-08-18,4,0
820,1922,Pedro Manuel Brandão Rodrigues,1951-06-19,4,0
821,1923,Teresa Margarida Figueiredo de Vasconcelos Caeiro,1969-02-14,4,1
822,1924,Paulo Daniel Fugas Veiga,1960-03-12,4,0
823,1925,Susana Maria de Moura Alves da Silva Toscano,1955-02-09,1,0
824,1926,Gonçalo Trigo de Morais de Albuquerque Reis,1969-01-17,1,0
825,1927,José Manuel Pereira da Costa,1959-05-12,1,0
826,1928,Maria Isilda Viscata Lourenço de Oliveira Pegado,1958-08-11,1,0
827,1929,João Pedro Saldanha Serra,1963-03-23,1,0
828,1930,Vítor Manuel Roque Martins dos Reis,1959-02-03,1,0
829,1931,Rodrigo Alexandre Cristóvão Ribeiro,1973-03-25,1,0
830,1933,Alexandre Bernardo Macedo Lopes Simões,1974-09-20,1,0
831,1934,João António Pistacchini Calhau,1946-11-25,1,0
832,1938,José Manuel Amaral Lopes,1963-04-01,1,0
833,1941,Ana Isabel Drago Lobato,1975-08-28,7,1
834,1942,Vicente Jorge Lopes Gomes da Silva,1945-11-08,2,0
835,1943,António Ramos Preto,1956-01-19,2,1
836,1944,Susana de Fátima Carvalho Amador,1967-04-25,2,0
837,1945,Carlos Alberto Rodrigues,1972-04-27,1,0
838,1949,Maximiano Alberto Rodrigues Martins,1949-10-30,2,0
839,1951,José Manuel Marques de Matos Rosa,1959-09-04,1,1
840,1953,Diogo Nuno de Gouveia  Torres Feio,1970-10-06,4,0
841,1954,José Marcelo Sanches Mendes Pinto,1951-11-10,4,0
842,1955,Antonino Aurélio Vieira de Sousa,1969-08-11,4,0
843,1956,Diogo Alves de Sousa de Vasconcelos,1968-05-16,1,0
844,1957,Abílio Jorge Leite Almeida Costa,1941-06-13,1,0
845,1958,António Henriques de Pinho Cardão,1943-05-31,1,0
846,1959,Diogo de Sousa Almeida da Luz,1936-04-20,1,0
847,1960,Maria do Rosário da Silva Cardoso Águas,1961-02-21,1,0
848,1961,Maria Aurora Moura Vieira,1960-12-15,1,0
849,1962,Adriana Maria Bento de Aguiar Branco,1958-08-15,1,0
850,1963,Bernardino da Costa Pereira,1940-09-11,1,0
851,1964,Fernando António Esteves Charrua,1950-04-07,1,0
852,1966,Maria João Vaz Osório Rodrigues da Fonseca,1972-04-08,1,0
853,1967,Ricardo Daniel Pinto Soares Vieira,,1,0
854,1969,Maria Manuela de Macedo Pinho e Melo,1945-03-26,2,0
855,1970,Nelson da Cunha Correia,1959-10-06,2,0
856,1971,Gustavo Emanuel Alves de Figueiredo Carranca,1973-04-16,2,0
857,1973,Mário Joaquim da Silva Mourão,1958-04-14,2,0
858,1974,Ricardo Manuel da Silva Monteiro Bexiga,,2,0
859,1975,Alda Maria Botelho Correia Sousa,1953-08-04,7,0
860,1977,António Ribeiro Gameiro,1970-08-14,2,1
861,1978,Fernanda Maria Pereira Asseiceira,1961-04-18,2,0
862,1980,Nuno Albuquerque Morais Sarmento,1961-01-31,1,0
863,1981,José Manuel Carvalho Cordeiro,1939-03-17,1,0
864,1982,José Luís Ribeiro dos Santos,1958-04-27,1,0
865,1983,Maria Paula Barral Carloto de Castro,,1,0
866,1984,Luís José Vieira Duque,1957-10-19,4,0
867,1987,Eduardo Arménio do Nascimento Cabrita,1961-09-26,2,1
868,1988,Joaquim Ventura Leite,1950-08-15,2,0
869,1990,Miguel Jorge Reis Antunes Frasquilho,1965-11-12,1,1
870,1991,Maria Clara de Sá Morais Rodrigues Carneiro Veríssimo,1951-09-10,1,0
871,1992,António Pedro Roque da Visitação Oliveira,1963-01-10,1,1
872,1993,Pedro do ó Barradas de Oliveira Ramos,1974-10-04,1,1
873,1998,Luís Álvaro Barbosa de Campos Ferreira,1961-11-26,1,1
874,1999,Jorge Nuno Fernandes Traila Monteiro de Sá,1977-06-13,1,0
875,2002,Fernando Pereira Cabodeira,1966-06-28,2,0
876,2003,António Jorge Gonçalves e Gama de Oliveira,1947-03-12,2,0
877,2005,José Alberto Sequeiros de Castro Pontes,1956-02-27,2,0
878,2006,Maria da Assunção Andrade Esteves,1956-10-15,1,1
879,2007,José António Bessa Guerra,1954-08-24,1,0
880,2008,Ricardo Jorge Olímpio Martins,1972-09-11,1,0
881,2010,Ascenso Luís Seixas Simões,1963-05-03,2,0
882,2011,Manuel Pedro Cunha da Silva Pereira,1962-08-15,2,1
883,2013,Ema Paula Morais Gonçalo,,2,0
884,2015,António Joaquim Almeida Henriques,1961-05-05,1,1
885,2016,Carlos Manuel de Andrade Miranda,1953-09-03,1,0
886,2017,Maria Eulália Silva Teixeira,1961-02-11,1,0
887,2018,Elvira da Costa Bernardino de Matos Figueiredo,1959-11-05,1,0
888,2021,Manuel Joaquim dos Santos Ferreira,1962-03-21,1,0
889,2023,Eduardo Artur Neves Moreira,1945-07-24,1,0
890,2024,Laurentino de Sousa Esteves,1967-12-14,1,0
891,2025,Gonçalo Nuno Mendonça Perestrelo dos Santos,1955-03-08,1,0
892,2026,Arnaldo Carlos Romariz Madureira,1960-07-07,1,0
893,2027,Adriano Rafael de Sousa Moreira,1965-08-17,1,1
894,2028,Nuno Filipe de Sá Costa,1975-08-24,1,1
895,2029,Armando Gomes Loureiro,1962-07-11,1,0
896,2030,José Manuel dos Santos Cruz,1963-11-16,1,0
897,2034,Joana Beatriz Nunes Vicente Amaral Dias,1975-01-01,7,0
898,2035,Fernando Jorge Pinto Lopes,1976-09-11,1,0
899,2037,António Jorge Fidalgo Martins,1970-09-20,1,0
900,2038,Fernando Barbosa Alves Pereira,1962-07-20,4,1
901,2039,Manuel António Cardoso de Carvalho,1964-08-28,4,0
902,2040,Pedro Manuel Dias de Figueiredo Pereira Marques,,1,0
903,2041,António Manuel de Campos,1961-07-10,1,0
904,2042,Eduardo Casimiro de Deus Pereira da Silva,,1,0
905,2043,Ângela Ricarda Carriço Sabino,1979-02-01,3,0
906,2050,Manuel António Gomes de Almeida de Pinho,,2,0
907,2051,Pedro Nuno de Oliveira Santos,1977-04-13,2,1
908,2052,Elísio da Costa Amorim,1953-05-14,2,0
909,2053,Armando França Rodrigues Alves,1949-10-22,2,0
910,2054,Maria Helena Terra de Oliveira,1965-06-22,2,0
911,2055,João Cândido da Rocha Bernardo,,2,0
912,2056,Marisa da Conceição Correia Macedo,1969-05-29,2,0
913,2060,José Paulo Ferreira Areia de Carvalho,1967-05-29,4,0
914,2061,José Pedro Correia de Aguiar Branco,1957-07-18,1,1
915,2062,José António Freire Antunes,1954-01-25,1,0
916,2063,Alda Maria Gonçalves Pereira Macedo,1954-09-07,7,0
917,2064,Jorge Fernando Magalhães da Costa,1959-01-12,1,0
918,2065,Agostinho Correia Branquinho,1956-08-10,1,0
919,2066,Paulo Artur dos Santos Castro de Campos Rangel,1968-02-18,1,0
920,2067,Miguel Jorge Pignatelli de Ataíde Queiroz,1934-04-21,1,0
921,2069,Artur Jorge da Silva Machado,1976-05-20,3,1
922,2071,Paulo Miguel da Silva Santos,1971-03-24,1,1
923,2072,Ana Zita Barbas Marvão Alves Gomes,1976-06-30,1,0
924,2073,Daniel Jorge Martins Fangueiro,1979-07-04,1,0
925,2074,Maria Germana Sousa Rocha Pimentel Rosete,,1,0
926,2077,Francisco José de Almeida Lopes,1955-08-29,3,1
927,2078,Luís Filipe Carloto Marques,1963-07-17,1,0
928,2079,Eugénio Óscar Garcia da Rosa,1941-08-21,3,0
929,2084,Nuno Miguel Miranda de Magalhães,1972-03-04,4,1
930,2087,Maria Idalina Alves Trindade,1964-03-06,2,0
931,2089,Helena Maria Andrade Cardoso Machado de Oliveira,1952-09-30,1,0
932,2090,Luís Garcia Braga da Cruz,1942-05-30,2,0
933,2092,Luísa Maria Neves Salgueiro,1968-01-02,2,1
934,2095,Maria José Guerra Gamboa Campos,1948-07-06,2,0
935,2098,Manuel Francisco Pizarro de Sampaio e Castro,1964-02-02,2,1
936,2103,Maria Isabel Coelho Santos,1968-02-12,2,1
937,2104,Carlos António Páscoa Gonçalves,1952-02-09,1,1
938,2105,José Luís Pereira Carneiro,1971-10-04,2,0
939,2106,Regina Maria Pinto da Fonseca Ramos Bastos,1960-11-04,1,0
940,2107,Glória Maria da Silva Araújo,1976-01-04,2,1
941,2108,Abílio André Brandão de Almeida Teixeira,1978-04-05,1,0
942,2109,Lúcio Maia Ferreira,1950-03-26,2,0
943,2110,Paulo Manuel Matos Soares,1964-03-16,1,0
944,2113,Alcídia Maria Cruz Sousa de Oliveira Lopes,1974-01-09,2,0
945,2114,Emídio Guerreiro,1965-05-23,1,1
946,2115,Ana Maria Cardoso Duarte da Rocha,1967-08-16,2,0
947,2116,Maria Irene Martins Baptista Silva,1971-03-01,1,0
948,2122,Maria Olímpia do Nascimento Castro Candeias,1960-11-10,1,0
949,2126,Zita Maria de Seabra Roseiro,1949-05-25,1,0
950,2128,Luís Miguel Pereira de Almeida,1970-08-07,1,0
951,2129,João Paulo Moreira Correia,1976-09-28,2,1
952,2130,Filipe Miguel da Cruz e Queiróz Nascimento,,1,0
953,2132,Idália Maria Marques Salvador Serrão,1964-05-16,2,1
954,2134,Paulo Alexandre Homem de Oliveira Fonseca,1963-09-13,2,0
955,2137,Nuno Mário da Fonseca Oliveira Antão,1975-03-31,2,0
956,2140,Sónia Isabel Fernandes Sanfona Cruz Mendes,1971-12-10,2,0
957,2142,Luís Miguel Pais Antunes,1957-08-20,1,0
958,2143,Fernando Manuel Amaro Pratas,1962-04-23,2,0
959,2145,Rui David Fernandes Morais,,1,0
960,2147,Carlos Alberto Garcia Poço,1957-02-12,1,0
961,2148,Maria Teresa Filipe de Moraes Sarmento,1957-10-18,2,0
962,2150,Sandra Marisa dos Santos Martins Catarino da Costa,1977-03-05,2,0
963,2151,Maria Manuel Fernandes Francisco Oliveira,1960-09-17,2,0
964,2152,Renato José Diniz Gonçalves,1975-05-18,2,0
965,2155,Luís Paulo Costa Maldonado Gonelha,1967-10-03,2,0
966,2156,Mariana Rosa Aiveca,1954-02-03,7,1
967,2157,António Augusto Jordão Chora,1954-10-15,7,0
968,2158,Pedro Quartin Graça Simão José,1962-05-18,1,0
969,2160,Nuno Maria de  Figueiredo Cabral da Câmara Pereira,1951-06-19,1,0
970,2162,Sérgio Lipari Garcia Pinto,1962-06-27,1,0
971,2165,Jorge Manuel Capela Gonçalves Fão,1957-11-04,2,1
972,2166,Maria de Fátima Oliveira Pimenta,1963-02-09,2,0
973,2167,Abel Lima Baptista,1963-10-13,4,1
974,2168,Júlio Manuel da Silva Magalhães e Vasconcelos,1957-04-12,4,0
975,2169,Paula Cristina Barros Teixeira Santos,1966-08-16,2,1
976,2170,Manuel da Conceição Pereira,1946-01-08,4,0
977,2171,Jorge Manuel Monteiro de Almeida,1954-09-20,2,0
978,2175,Joaquim Alberto de Oliveira Cêrca,1954-12-25,2,0
979,2178,Maria Helena da Silva Ferreira Rodrigues,1955-05-07,2,0
980,2181,Maria da Conceição Torrado Barroso Cruz,1956-12-31,4,0
981,2182,Cláudia Isabel Patrício do Couto Vieira,1967-10-16,2,0
982,2183,Aurélio Paulo da  Costa Henriques Barradas,1963-01-02,2,0
983,2184,Miguel Tiago Crispim Rosado,1979-08-27,3,1
984,2191,Helena Maria Moura Pinto,1959-09-05,7,1
985,2194,Maria Cecília Vicente Duarte Honório,1962-07-01,7,1
986,2195,Ricardo Manuel de Amaral Rodrigues,1958-06-01,2,1
987,2197,Renato Luís Pereira Leal,1953-06-17,2,0
988,2201,Jacinto Serrão de Freitas,1969-02-16,2,1
989,2203,Pedro Dias de Sousa Pestana Bastos,,4,0
990,2204,Maria Júlia Gomes Henriques Caré,1954-10-25,2,0
991,2205,Ricardo Jorge Teixeira de Freitas,1959-03-03,2,0
992,2209,Marcos da Cunha e Lorena Perestrello de Vasconcellos,1971-08-23,2,1
993,2210,Maria Eugénia Simões Santana Alho,1961-07-21,2,0
994,2212,Luís Miguel Morgado Laranjeiro,1965-08-13,2,1
995,2213,Deolinda Isabel da Costa Coutinho,1966-01-05,2,1
996,2214,Manuel António Gonçalves Mota da Silva,1972-05-01,2,0
997,2215,Nuno André Araújo dos Santos Reis e Sá,1976-04-02,2,1
998,2217,Vítor Hugo Machado da Costa Salgado de Abreu,1977-01-24,2,0
999,2222,Ana Maria Correia Rodrigues,1955-08-29,2,0
1000,2224,Vítor Manuel Pinheiro Pereira,1962-08-16,2,0
1001,2225,Maria Hortense Nunes Martins,1966-09-21,2,1
1002,2226,Maria Cidália Bastos Faustino,1947-04-11,2,0
1003,2227,Jorge Filipe Teixeira Seguro Sanches,1965-07-30,2,1
1004,2228,Maria Matilde Pessoa de Magalhães Figueiredo de Sousa Franco,1943-07-08,2,0
1005,2229,Maria Teresa Alegre de Melo Duarte Portugal,1939-08-23,2,0
1006,2230,João Raul Henriques Sousa Moura Portugal,1977-10-01,2,1
1007,2234,João Guilherme Ramos Rosa de Oliveira,1979-07-09,3,1
1008,2244,Henrique António de Oliveira Troncho,1950-10-30,2,0
1009,2245,Paula Cristina Nobre de Deus,1970-03-05,2,0
1010,2249,Aldemira Maria Cabanita do Nascimento Bispo Pinho,1952-04-04,2,0
1011,2250,Miguel João Pisoeiro de Freitas,1960-12-25,2,1
1012,2251,Luís Manuel de Carvalho Carito,1956-07-13,2,0
1013,2252,Jovita de Fátima Romano Ladeira,1957-02-16,2,0
1014,2253,Hugo Miguel Guerreiro Nunes,1973-06-12,2,0
1015,2254,David Martins,1976-01-05,2,0
1016,2256,Fernando dos Santos Cabral,1956-05-10,2,0
1017,2257,Rita Manuela Mascarenhas Falcão dos Santos Miguel,1974-07-28,2,0
1018,2259,Nuno André Neves Figueiredo,1976-02-12,2,1
1019,2260,Maria Odete da Conceição João,1958-01-03,2,1
1020,2261,Carlos Alberto David dos Santos Lopes,1965-06-06,2,0
1021,2263,Ana Paula Mendes Vitorino,1962-04-25,2,1
1022,2264,Pedro Manuel Farmhouse Simões Alberto,1961-06-27,2,1
1023,2265,Ana Maria Ribeiro Gomes do Couto,1961-04-19,2,0
1024,2266,João Miguel de Melo Santos Taborda Serrano,1964-04-15,2,0
1025,2267,Humberto Delgado Ubach Chaves Rosa,,2,0
1026,2268,Marcos Sá Rodrigues,1976-04-05,2,0
1027,2269,Rita Susana da Silva Guimarães Neves,1976-05-10,2,0
1028,2270,Vasco Seixas Duarte Franco,1952-04-27,2,0
1029,2271,João Carlos Vieira Gaspar,1937-05-22,2,0
1030,2272,Marta Sofia Caetano Lopes Rebelo,1978-02-13,2,0
1031,2287,Magda Andrea Gonçalves Borges,1976-10-30,1,0
1032,2297,Cristóvão Duarte Nunes Guerreiro Norte,1976-08-06,1,1
1033,2304,Bruno Miguel Pedrosa Ventura,,1,0
1034,2325,Mário Rui Figueira Campos Fontemanha,,1,0
1035,2326,João José Tita Maurício Melo Nunes,1967-01-27,4,0
1036,2327,João Paulo Barros Viegas,1970-06-30,4,1
1037,2367,António Idalino Rodrigues Pereira,1956-10-30,4,0
1038,2368,Manuel Armando Dias Alves,1955-02-07,4,0
1039,2419,Cecília Felgueiras de Meireles Graça,1977-05-29,4,1
1040,2433,José Borges de Araújo de Moura Soeiro,1984-08-11,7,0
1041,2522,Catarina Marcelino Rosa da Silva,1971-01-25,2,1
1042,2526,José Alberto Azevedo Lourenço,1957-11-25,3,1
1043,2569,Rui Paulo da Silva Soeiro Figueiredo,1972-10-09,2,1
1044,2576,Eduardo Alexandre Ribeiro Gonçalves Teixeira,1972-06-25,1,1
1045,2641,Paulo César Lima Cavaleiro,1973-12-08,1,1
1046,2665,Jorge Paulo da Silva Oliveira,1965-12-28,1,1
1047,2685,Isidro Gomes de Araújo,1956-05-16,1,1
1048,2711,Bruno Viriato Gonçalves Costa Veloso,1978-01-30,2,0
1049,2729,José Carlos Bravo Nico,1964-09-11,2,1
1050,2734,Esmeralda Fátima Quitério Salero Ramires,1955-10-23,2,0
1051,2839,Rita Maria Oliveira Calvário,1978-02-09,7,1
1052,2849,Adolfo Miguel Baptista Mesquita Nunes,1977-11-29,4,1
1053,2867,João Pedro Guimarães Gonçalves Pereira,1977-05-07,4,1
1054,2885,Joana Fernanda Ferreira Lima,1963-11-18,2,0
1055,2886,Telma Catarina Dias Madaleno,1977-03-01,2,0
1056,3236,Defensor Oliveira Moura,1945-09-02,2,0
1057,3906,Maria Luísa de Jesus Silva Vilhena Roberto Santos,1955-05-05,2,0
1058,3911,Lídia Maria Bulcão Rosa da Silveira Dutra,1975-04-19,1,1
1059,3914,Vítor Manuel Brandão de Sousa Fontes,1950-03-10,2,0
1060,3918,Maria Paula da Graça Cardoso,1962-08-24,1,1
1061,3919,Amadeu Albertino Marques Soares Albergaria,1977-01-16,1,1
1062,3920,Carla Maria de Pinho Rodrigues,1973-01-18,1,1
1063,3926,Pedro Filipe Gomes Soares,1979-02-15,7,1
1064,3930,Fernando Medina Maciel Almeida Correia,1973-03-10,2,1
1065,3931,Maria da Conceição Guerreiro Casa Nova,1955-06-07,2,0
1066,3934,João Augusto Espadeiro Ramos,1972-10-13,3,1
1067,3935,Hugo Alexandre Polido Pires,1979-04-21,2,0
1068,3937,Frederico de Oliveira Castro,1977-04-06,2,0
1069,3942,Maria Francisca Fernandes Almeida,1983-11-06,1,1
1070,3943,Fernando Nuno Fernandes Ribeiro dos Reis,1978-09-23,1,1
1071,3944,Maria Teresa Machado Fernandes,1966-07-17,1,0
1072,3945,Pedro Nuno Mazeda Pereira Neto Rodrigues,1979-07-27,1,0
1073,3948,Maria da Graça Gonçalves da Mota,1955-08-24,1,1
1074,3949,Maria Antonieta Antunes Dias,1952-03-12,4,0
1075,3957,José Alberto Nunes Ferreira Gomes,1947-07-14,1,0
1076,3963,Carlos Henrique da Costa Neves,1954-06-16,1,1
1077,3964,Carlos Manuel Faia São Martinho Gomes,1956-07-18,1,1
1078,3986,Ana Maria Teodoro Jorge,1949-09-23,2,1
1079,3989,Paulo Cardoso Correia da Mota Pinto,1966-11-18,1,1
1080,3990,Pedro Manuel Tavares Lopes de Andrade Saraiva,1964-10-27,1,1
1081,3991,Nuno Miguel Pestana Chaves e Castro da Encarnação,1972-12-24,1,1
1082,3995,João Manuel de Serpa Oliva,1948-06-26,4,1
1083,3998,José Manuel Marques da Silva Pureza,1958-12-18,7,0
1084,4011,Isilda Maria Prazeres dos Santos Varges Gomes,1951-09-16,2,0
1085,4013,Jorge Cláudio de Bacelar Gouveia,1966-07-01,1,0
1086,4014,Antonieta Paulino Felizardo Guerreiro,1973-06-13,1,0
1087,4018,Artur José Gomes Rêgo,1958-04-24,4,1
1088,4026,José Albano Pereira Marques,1972-09-17,2,0
1089,4030,António Carlos Sousa Gomes da Silva Peixoto,1968-02-13,1,1
1090,4031,Ângela Maria Pinheiro Branquinho Guerra,1973-06-20,1,1
1091,4046,Odete Marise dos Santos Alves,1973-11-27,2,0
1092,4050,Fernando Ribeiro Marques,1958-06-01,1,1
1093,4051,Maria da Conceição Feliciano Antunes Bretts Jardim Pereira,1950-12-08,1,1
1094,4052,Pedro Alexandre Antunes Faustino Pimpão,1980-07-21,1,1
1095,4057,Maria de Assunção Oliveira Cristas Machado da Graça,1974-09-28,4,1
1096,4059,Heitor Nuno Patrício de Sousa e Castro,1953-04-05,7,0
1097,4064,Inês de Saint-Maurice de Esteves de Medeiros Vitorino de Almeida,1968-04-15,2,1
1098,4065,Miguel de Matos Castanheira do Vale de Almeida,1960-08-21,2,0
1099,4066,José Duarte Piteira Rica Silvestre Cordeiro,1979-02-23,2,1
1100,4067,Rui José Prudêncio,1964-10-23,2,0
1101,4068,Teresa do Rosário Carvalho de Almeida Damásio,1970-06-21,2,0
1102,4069,Sérgio Constantino Gaspar Lopes de Paiva,1970-04-22,2,0
1103,4081,Inês de Drummond Ludovice Mendes Gomes,1974-05-31,2,1
1104,4085,Pedro Augusto Lynce de Faria,1943-02-06,1,1
1105,4086,António Egrejas Leitão Amaro,1980-04-02,1,1
1106,4087,Celeste Maria Reis Gaspar dos Santos Amaro,1956-05-20,1,0
1107,4092,Odete Maria Loureiro da Silva,1971-09-18,1,1
1108,4095,Sérgio Sousa Lopes Freire de Azevedo,1981-10-30,1,1
1109,4096,Isabel Maria Mousinho de Almeida Galriça Neto,1961-07-10,4,1
1110,4097,Maria Orísia Roque,1934-08-12,4,1
1111,4104,Rita Rato Araújo Fonseca,1983-01-05,3,1
1112,4129,Cristóvão da Conceição Ventura Crespo,1958-09-01,1,1
1113,4133,Maria Isabel Solnado Porto Oneto,1959-09-14,2,1
1114,4134,Manuel José de Faria Seabra Monteiro,1962-07-28,2,1
1115,4135,Nuno Miguel da Costa Araújo,1978-01-01,2,0
1116,4136,Maria da Conceição Almeida Fernandes Loureiro,1947-04-12,2,0
1117,4143,Raquel Maria Martins de Oliveira Gomes Coelho,1958-09-08,1,0
1118,4144,Maria Luísa Roseira da Nova Ferreira de Oliveira Gonçalves,1973-09-03,1,0
1119,4145,Luís Filipe Valenzuela Tavares Menezes Lopes,1980-12-20,1,1
1120,4146,Margarida Rosa Silva de Almeida,1955-01-17,1,1
1121,4147,Carla Maria Gomes Barros,1980-02-08,1,0
1122,4148,Fernando Luís de Sousa Machado Soares Vales,1979-08-23,1,1
1123,4152,Fernando Virgílio Cabral da Cruz Macedo,1965-12-28,1,1
1124,4157,Michael Lothar Mendes Seufert,1983-04-15,4,1
1125,4161,Catarina Soares Martins,1973-09-07,7,1
1126,4166,João Saldanha de Azevedo Galamba,1976-08-04,2,1
1127,4167,Anabela Gaspar de Freitas,1966-11-21,2,1
1128,4169,Carina João Reis Oliveira,1977-07-22,1,1
1129,4170,Duarte Filipe Batista de Matos Marques,1981-05-09,1,1
1130,4172,Filipe Tiago de Melo Sobral Lobo D' Ávila,1975-01-18,4,1
1131,4173,Maria Margarida Avelar Santos Nunes Marques Neto,1964-10-24,4,1
1132,4174,José Guilherme Figueiredo Nobre de Gusmão,1976-07-20,7,0
1133,4186,Eurídice Maria de Sousa Pereira,1962-10-20,2,1
1134,4187,Pedro Manuel Dias de Jesus Marques,1976-08-01,2,1
1135,4188,Sofia Isabel Diniz Pereira Conde Cabral,1978-02-13,2,0
1136,4189,Amílcar dos Santos Romano,1951-08-09,2,0
1137,4193,Maria das Mercês Gomes Borges da Silva Soares,1957-07-15,1,1
1138,4194,Jorge Duarte Gonçalves da Costa,1975-10-19,7,0
1139,4197,Paula Alexandra Sobral Guerreiro Santos Barbosa,1980-09-29,3,1
1140,4202,José João Pinhanços de  Bianchi,1954-03-18,2,0
1141,4204,António Cãndido Monteiro Cabeleira,1959-12-04,1,0
1142,4205,Isabel Maria Nogueira Sequeira,1967-10-02,1,0
1143,4208,Acácio Santos da Fonseca Pinto,1959-05-14,2,1
1144,4209,Elza Maria Henriques Deus Pais,1958-11-22,2,1
1145,4210,José Rui Alves Duarte Cruz,1966-11-14,2,0
1146,4211,Maria Helena Figueiredo de Sousa Rebelo,1966-05-07,2,0
1147,4213,Teresa de Jesus Costa Santos,1966-03-10,1,1
1148,4214,João Carlos Figueiredo Antunes,1967-05-18,1,1
1149,4219,Bernardo Luís Amador Trindade,1970-05-04,2,0
1150,4220,Luís Miguel Soares de França,1971-01-30,2,0
1151,4221,Vânia Andrea de Castro Jesus,1979-01-17,1,0
1152,4225,José Manuel de Sousa Rodrigues,1960-07-13,4,1
1153,4289,Teresa Maria de Moura Anjinho Tomás Ruivo,1974-10-03,4,1
1154,4290,Maria Helena dos Santos André,1960-10-29,2,1
1155,4293,Carlos Manuel Félix Moedas,1970-08-10,1,1
1156,4294,Mário Nelson da Silva Vaz Simões,1970-08-08,1,1
1157,4296,Otília da Conceição Ferreira Gomes,1973-05-28,4,1
1158,4297,Carla Maria da Costa e Cruz,1971-11-06,3,1
1159,4299,Maria Clara Gonçalves Marques Mendes,1970-04-30,1,1
1160,4300,Hugo Alexandre Lopes Soares,1983-03-02,1,1
1161,4302,Manuel António Gonçalves da Mota,,2,1
1162,4304,Bruno Manuel Pereira Coimbra,1981-04-21,1,1
1163,4306,Isabel Maria da Conceição Simões Pinto,1975-03-05,1,1
1164,4310,Francisco José Pereira de Almeida Viegas,2009-01-01,1,1
1165,4311,Maria José Vieira Teodoro Moreno,1963-06-22,1,1
1166,4313,Nuno Miguel Fernandes Mocinha,1971-10-10,2,1
1167,4317,Paulo Luís Cunha de Almeida,1973-10-20,4,1
1168,4318,Nuno Rafael Marona de Carvalho Serra,1973-07-28,1,1
1169,4319,Mário Manuel Teixeira Guedes Ruivo,1960-03-23,2,1
1170,4321,Rui Pedro Gonçalves Duarte,1984-08-31,2,1
1171,4322,Maria Isilda Videira Nogueira da Silva Aguincha,1966-04-03,1,1
1172,4325,José Manuel de Albuquerque Portocarrero Canavarro,1965-04-17,1,1
1173,4326,Nilza Marília Mouzinho de Sena,1976-11-21,1,1
1174,4327,Carlos Eduardo Almeida de Abreu Amorim,1963-10-01,1,1
1175,4328,Maurício Teixeira Marques,1958-12-28,1,1
1176,4329,Rosa Maria Pereira Araújo Arezes,1967-05-22,1,1
1177,4330,Ana Elisabete Laborda Oliveira,1984-04-10,1,1
1178,4336,Elsa Maria Simas Cordeiro,1968-06-16,1,1
1179,4338,Sandra Maria Pereira Pontedeira,1978-03-31,2,1
1180,4350,Laura Maria Santos de Sousa Esperança,1958-02-19,1,1
1181,4351,Valter António Gaspar de Bernardino Ribeiro,1974-06-19,1,1
1182,4353,Manuel Fialho Isaac,1960-01-26,4,1
1183,4354,Maria João Machado de Ávila,1956-07-26,1,1
1184,4357,Maria de Fátima Coelho Ferreira,1952-12-08,2,1
1185,4361,Maria Ester Vargas de Almeida e Silva,1955-03-28,1,1
1186,4363,Agostinho Gonçalves Alves da Santa,1957-01-05,2,1
1187,4364,Luís Manuel Morais Leite Ramos,1961-10-29,1,1
1188,4365,Maria Manuela Pereira Tender,1971-02-09,1,1
1189,4368,Paulo Jorge Oliveira de Ribeiro Campos,1965-04-07,2,1
1190,4369,Sandra Maria Nora Nunes Galguinho,,2,1
1191,4371,Manuel Augusto Meirinho Martins,1963-11-08,1,1
1192,4372,Rui Alberto Pereira Caetano,1967-01-19,2,1
1193,4373,Cláudia Sofia Gomes Monteiro de Aguiar,1982-04-08,1,1
1194,4374,Rui Miguel da Silva Barreto,1976-09-16,4,1
1195,4375,Carlos Manuel Pimentel Enes,1951-03-10,2,1
1196,4378,Jorge Fernando Rodrigues Pereira,1985-08-10,2,1
1197,4380,Maria Luís Casanova Morgado Dias de Albuquerque,2009-01-01,1,1
1198,4381,Paulo Jorge Simões Ribeiro,1969-03-28,1,1
1199,4382,Nuno Filipe Miragaia Matias,1977-01-26,1,1
1200,4389,Teresa de Andrade Leal Coelho,1961-03-29,1,1
1201,4390,Maria José Quintela Ferreira Castelo Branco,1958-07-28,1,1
1202,4391,Maria da Conceição Alves dos Santos Bessa Ruão Pinto,1954-08-28,1,1
1203,4392,Paulo César Rios de Oliveira,1965-02-19,1,1
1204,4393,Cristóvão Simão Oliveira de Ribeiro,1986-05-13,1,1
1205,4394,Emília de Fátima Moreira dos Santos,1972-05-16,1,1
1206,4395,Mário José Magalhães Ferreira,1965-02-07,1,1
1207,4396,Andreia Carina Machado da Silva Neto,1980-08-04,1,1
1208,4397,Afonso Gonçalves da Silva Oliveira,1964-03-27,1,1
1209,4398,Sérgio Humberto Pereira da Silva,2009-01-01,1,1
1210,4399,Paula Cristina Pereira Gonçalves e Álvaro,1969-03-24,1,1
1211,4403,Vera Lúcia Alves Rodrigues,1981-02-08,4,1
1212,4427,José Lino Fonseca Ramos,1969-03-21,4,1
1213,4428,Inês Dória Nóbrega Teotónio Pereira Bourbon Ribeiro,1971-12-14,4,1
1214,4429,António Pedro Carvalho Morais Soares,1977-11-07,4,1
1215,4430,Paula Albertina Oliveira Ferreira Baptista,1970-11-07,3,1
1216,4433,Fernando José de La Vieter Ribeiro Nobre,1951-12-16,1,1
1217,4434,Paula Maria Von Hafe Teixeira da Cruz,1960-06-01,1,1
1218,4435,Ana Sofia Fernandes Bettencourt,1972-03-24,1,1
1219,4436,Joana Catarina Barata Reis Lopes,1985-03-16,1,1
1220,4437,Carlos Manuel dos Santos Batista da Silva,1964-10-07,1,1
1221,4438,Hélder António Guerra de Sousa Silva,1965-07-21,1,1
1222,4439,António Manuel Pimenta Prôa,1969-10-26,1,1
1223,4440,Mónica Sofia do Amaral Pinto Ferro,1972-11-07,1,1
1224,4441,Ricardo Augustus Guerreiro Baptista Leite,1980-05-31,1,1
1225,4442,Maria da Conceição Vaz Barroso Carloto Caldeira,1952-07-13,1,1
1226,4443,André Tiago Pardal da Silva,1982-03-30,1,1
1227,4444,Hermínia Maria da Fonseca Bexiga Azenha,1967-10-06,1,1
1228,4447,David Jorge Ribas da Costa,1973-08-18,3,1
1229,4451,António Manuel Soares Serrano,1965-01-16,2,1
1230,4452,Isabel de Lima Mayer Alves Moreira,1976-04-02,2,1
1231,4453,Pedro Filipe Mota Delgado Simões Alves,1980-12-12,2,1
1232,4471,Paulo Miguel de Barros Pacheco Seara de Sá,1965-07-12,3,1
1233,4487,Rui Jorge de Figueiredo Caetano,1969-12-30,4,1
1234,4555,Maria de Lurdes Monteiro Ribeiro,1968-02-10,3,1
1235,4557,Mariana Rodrigues Mortágua,1986-06-24,7,1
