id,nome,cargo,email,wikipedia_url,facebook_url,twitter_url,blog_url,website_url,linkedin_url,prog_radio,prog_tv
2167,Abel Baptista,,abel.l.baptista@cds.parlamento.pt,,,,,,,,
4208,Acácio Pinto,,gp_ps@ps.parlamento.pt,,,,,,,,
3,Adão Silva,Trabalho e Segurança Social,adaosilva@psd.parlamento.pt,,,,,,,,
2027,Adriano Rafael Moreira,"Obras Públicas, Transportes e Comunicações",,,,,,,,,
1488,Afonso Candal,Vice-presidente da bancada,acandal@ps.parlamento.pt,,,,,,,,
2065,Agostinho Branquinho,"Vice-presidente da bancada; Ética, Sociedade e Cultura",,http://pt.wikipedia.org/wiki/Agostinho_Branquinho,http://www.facebook.com/agostinho.branquinho,http://twitter.com/ABranquinho,,,,,
208,Agostinho Lopes,Assuntos Europeus; Economia e Inovação; Agricultura e Pescas,,,,,,,,,
143,Alberto Costa,,gp_ps@ps.parlamento.pt,http://pt.wikipedia.org/wiki/Alberto_Costa,,,,,,,
1048,Altino Bessa,,abessa@cds.parlamento.pt,,,,,,,,
3919,Amadeu Soares Albergaria,"Ética, Sociedade e Cultura; Educação e Ciência",,,http://www.facebook.com/amadeu.albergaria,http://twitter.com/aalbergaria,,,,,
1212,Ana Catarina Mendonça,Vice-presidente da bancada,catarina@ps.parlamento.pt,,http://pt-pt.facebook.com/ana.catarina.mendes,,http://blogs.parlamento.pt/janelaparlamentar,,,,
1941,Ana Drago,Educação,ana.drago@be.parlamento.pt,http://pt.wikipedia.org/wiki/Ana_Drago,,,,,,,
2263,Ana Paula Vitorino,,gp_ps@ps.parlamento.pt,,,,,,,,
4167,Anabela Freitas,,gp_ps@ps.parlamento.pt,,,,,,,,
4014,Antonieta Guerreiro,Saúde,,,,,,,,,
2015,António Almeida Henriques,"Vice-presidente da comissão de Assuntos Económicos, Inovação e Desenvolvimento Regional",ahenriques@psd.parlamento.pt,,,,http://blogs.parlamento.pt/almeidahenriques,,,,
4086,António Leitão Amaro,Ambiente e Ordenamento do Território,,,http://www.facebook.com/leitao.amaro,http://twitter.com/Leitao_Amaro,,,,,
4204,António Cabeleira,Agricultura e Pescas; Ambiente e Ordenamento do Território,,,,,,,,,
156,António Costa,,,,,,,,,,Quadratura do círculo (Sic notícias)
209,António Filipe,"Vice-presidente da bancada; Assuntos Constitucionais, Direitos, Liberdades e Garantias; Defesa",af@pcp.parlamento.pt,http://pt.wikipedia.org/wiki/Ant%C3%B3nio_Filipe,,http://twitter.com/AntonioFilipe,,,,,
1977,António Gameiro,,agameiro@ps.parlamento.pt,,,,,,,,
155,António José Seguro,,ajseguro@ps.parlamento.pt,http://pt.wikipedia.org/wiki/Ant%C3%B3nio_Jos%C3%A9_Seguro,http://www.facebook.com/people/Antonio-Jose-Seguro/529907659 ,,http://www.antoniojoseseguro.com/blog.asp,http://www.antoniojoseseguro.com/,,,
1245,António Montalvão Machado,"Ética, Sociedade e Cultura",mmachado@psd.parlamento.pt,,,,,,,,
4030,Carlos Peixoto,"Assuntos Constitucionais, Direitos, Liberdades e Garantias  ",,,,,,,,,
1147,António Silva Preto,Orçamento e Finanças,,,,http://twitter.com/apreto,http://blogs.parlamento.pt/maisparlamento,,,,
26,Arménio Santos,Presidente da comissão de Trabalho e Segurança Social; Defesa; Assuntos Europeus,asantos@psd.parlamento.pt,,,,,,,,
4018,Artur Rêgo,,arturrego@cds.parlamento.pt,,,,,,,,
4057,Assunção Cristas,,assuncaocristas@cds.parlamento.pt,http://pt.wikipedia.org/wiki/Assun%C3%A7%C3%A3o_Cristas,http://www.facebook.com/assuncaocristas,http://twitter.com/ACristas,,,,,
1058,Bernardino Soares,Líder parlamentar; Saúde,bs@pcp.parlamento.pt,http://pt.wikipedia.org/wiki/Bernardino_Soares,,,,,,,
2729,Bravo Nico,,bravonico@ps.parlamento.pt,,,,http://blogs.parlamento.pt/noentanto/,http://www.bravonico.com,,,
1715,Bruno Dias,"Orçamento e Finanças; Obras Públicas, Transportes e Comunicações",,,http://www.facebook.com/brunoramosdias,,,,,,
4169,Carina Oliveira,"Obras Públicas, Transportes e Comunicações",,,,,,,,,
4147,Carla Barros,Agricultura e Pescas,,,http://www.facebook.com/people/Carla-Barros/1162279649,,,,,,
3920,Carla Rodrigues,Secretária da bancada; Trabalho e Segurança Social,,,,,,,,,
3963,Carlos Costa Neves,Vice-presidente da bancada; vice-presidente da comissão de Assuntos Europeus,,,,,,,,,
1458,Carlos Alberto Gonçalves,Negócios Estrangeiros e Comunidades,carlosgoncalves@psd.parlamento.pt,,,,,,,,
2104,Carlos Páscoa Gonçalves,Negócios Estrangeiros e Comunidades; Assuntos Europeus,,,,,,,,,
3964,Carlos São Martinho,Economia e Inovação,,,,,,,,,
2522,Catarina Marcelino,,,,http://pt-pt.facebook.com/people/Catarina-Marcelino/1158301300,,,,,,
4161,Catarina Martins,"Ética, Sociedade e Cultura",catarina.martins@be.parlamento.pt,,,http://twitter.com/catarina_mart,http://argolas.blogspot.com,,,,
2194,Cecília Honório,Assuntos europeus,cecilia.honorio@be.parlamento.pt,,,,,,,,
2419,Cecília Meireles,,cmeireles@cds.parlamento.pt,,,,,,,,
4087,Celeste Amaro,"Economia e Inovação; Ética, Sociedade e Cultura",,,,,,,,,
614,Celeste Correia,,ccorreia@ps.parlamento.pt,,,,,,,,
1991,Clara Carneiro,,,,,,http://quartarepublica.blogspot.com,,,,
3931,Conceição Casa Nova,,gp_ps@ps.parlamento.pt,,,,,,,,
356,Couto dos Santos,Presidente da comissão de Saúde,,http://pt.wikipedia.org/wiki/Couto_dos_Santos,,,,,,,
4129,Cristóvão Crespo,Ambiente e Ordenamento do Território,,,,,,,,,
1631,Custódia Fernandes,,custodiafernandes@ps.parlamento.pt,,,,,,,,
3236,Defensor Moura,,gp_ps@ps.parlamento.pt,http://pt.wikipedia.org/wiki/Couto_dos_Santos,,,,,,,
4066,Duarte Cordeiro,,gp_ps@ps.parlamento.pt,,,,,,,,
42,Duarte Pacheco,Secretário da bancada; Orçamento e Finanças,dpacheco@psd.parlamento.pt,,,http://twitter.com/duartepacheco,,,,,
1987,Eduardo Cabrita,,gp_ps@ps.parlamento.pt,,,,,,,,
2114,Emídio Guerreiro,Economia e Inovação; Educação e Ciência,emidioguerreiro@psd.parlamento.pt,,http://www.facebook.com/emidio.guerreiro,http://twitter.com/EmidioG,,,,,
4186,Eurídice Pereira,,gp_ps@ps.parlamento.pt,,,,,,,,
487,Fernando Jesus,,fernandojesus@ps.parlamento,,,,,,,,
4050,Fernando Marques,Vice-presidente da comissão de Ambiente e Ordenamento do Território; Agricultura e Pescas,,,,,,,,,
417,Fernando Moniz,,gp_ps@ps.parlamento.pt,,,,,,,,
1905,Fernando Negrão,"Vice-presidente da comissão de Assuntos Constitucionais, Direitos, Liberdades e Garantias",f.negrao@psd.parlamento.pt,http://pt.wikipedia.org/wiki/Fernando_Negr%C3%A3o,,,,,,,
1652,Fernando Rosas,Defesa,Fernando.rosas@be.parlamento.pt,http://pt.wikipedia.org/wiki/Fernando_Rosas,,,,,,,
4172,Filipe Lobo d'Ávila,,filipe.avila@cds.parlamento.pt,http://pt.wikipedia.org/wiki/Filipe_Lobo_D%27_%C3%81vila,http://www.facebook.com/pages/FILIPE-LOBO-DAVILA/131966437679,,,,,,
1554,Filipe Neto Brandão,,,,http://www.facebook.com/filipenetobrandao,,,,,,
1262,Francisco de Assis,Presidente do grupo parlamentar,gp_ps@ps.parlamento.pt,http://pt.wikipedia.org/wiki/Francisco_Jos%C3%A9_Pereira_de_Assis_Miranda,,,,,,,Contraste (Sic online)
2077,Francisco Lopes,"Obras Públicas, Transportes e Comunicações; Trabalho e Segurança Social",fl@pcp.parlamento.pt,http://pt.wikipedia.org/wiki/Francisco_Jos%C3%A9_de_Almeida_Lopes,,,,,,,
1651,Francisco Louçã,,francisco.louca@be.parlamento.pt,http://pt.wikipedia.org/wiki/Francisco_Lou%C3%A7%C3%A3,http://www.facebook.com/pages/Francisco-Louca/150887489198,,,,,,
3937,Frederico Castro,,,,http://www.facebook.com/people/Frederico-Castro/1372121537,,,,,,
2107,Glória Araújo,,gp_ps@ps.parlamento.pt,,,,,,,,
618,Guilherme Silva,"Vice-presidente do Parlamento; Assuntos Constitucionais, Direitos, Liberdades e Garantias",gsilva@psd.parlamento.pt,http://pt.wikipedia.org/wiki/Guilherme_Silva,,,,,,,
4059,Heitor Sousa,"Obras públicas, Transportes e Comunicações",heitor.sousa@be.parlamento.pt,,,,,,,,
1450,Hélder Amaral,,hamaral@cds.parlamento.pt,,http://www.facebook.com/people/Helder-Amaral/100000268350945,http://twitter.com/helderamaralcds,,,,,
1135,Helena Lopes da Costa,"Ética, Sociedade e Cultura",helena.costa@psd.parlamento.pt,,,,,,,,
2191,Helena Pinto,"Assuntos Constitucionais, Liberdades, Direitos e Garantias",helena.pinto@be.parlamento.pt,http://pt.wikipedia.org/wiki/Helena_Pinto,,http://twitter.com/HelenaPinto,,,,,
4211,Maria Helena Rebelo,,gp_ps@ps.parlamento.pt,,,,,,,,
834,Heloísa Apolónia,"Economia, Inovação e Energia; Educação e Ciência; Ambiente, Ordenamento do Território e Poder Local",heloisa.apolonia@pev.parlamento.pt,http://pt.wikipedia.org/wiki/Helo%C3%ADsa_Apol%C3%B3nia,,http://twitter.com/HeloisaApolonia,,,,,
246,Hermínio Loureiro,,,,,http://twitter.com/4linhas,http://www.4linhas.com/,,,,
1696,Honório Novo,Assuntos Europeus; Orçamento e Finanças,hn@pcp.parlamento.pt,http://pt.wikipedia.org/wiki/Hon%C3%B3rio_Novo,,,,,,,
437,Horácio Antunes,,gp_ps@ps.parlamento.pt,,,,,,,,
2225,Hortense Martins,,,,http://www.facebook.com/people/Hortense-Martins/1648513417,,,,,,
2253,Hugo Nunes,,,,,http://twitter.com/hugo_nunes,,,,,
1537,Hugo Velosa,"Assuntos Constitucionais, Direitos, Liberdades e Garantias; Assuntos Europeus; Orçamento e Finanças",,,,,,,,,
4064,Inês de Medeiros,Vice-presidente da bancada,,http://pt.wikipedia.org/wiki/In%C3%AAs_de_Medeiros,,,,,,,
2213,Isabel Coutinho,,gp_ps@ps.parlamento.pt,,,,,,,,
4096,Isabel Galriça Neto,,isaneto@cds.parlamento.pt,,,,,,,,
4133,Isabel Oneto,,gp_ps@ps.parlamento.pt,,,,,,,,
4205,Isabel Sequeira,Orçamento e Finanças,,,,,,,,,
4011,Isilda Gomes,,gp_ps@ps.parlamento.pt,,,,,,,,
173,Jaime Gama,Presidente da Assembleia da República,,http://pt.wikipedia.org/wiki/Jaime_Gama,,,,,,,
210,Jerónimo de Sousa,,gp_pcp@pcp.parlamento.pt,http://pt.wikipedia.org/wiki/Jer%C3%B3nimo_de_Sousa,,,,,,,
2034,Joana Amaral Dias,,,,,,http://social.joanaamaraldias.net,,,,
4214,João Figueiredo,"Obras Públicas, Transportes e Comunicações; Ambiente e Ordenamento do Território",,,,,,,,,
4166,João Galamba,,,,,http://twitter.com/Joaogalamba,http://jugular.blogs.sapo.pt,,,,
390,Mota Amaral,,mota.amaral@ar.parlamento.pt,http://pt.wikipedia.org/wiki/Mota_Amaral,,,,http://paginaspessoais.parlamento.pt/jbmotaamaral,,,
2234,João Oliveira,"Assuntos Constitucionais, Direitos, Liberdades e Garantias; Ética, Sociedade e Cultura",,,,http://twitter.com/joao_g_oliveira,,,,,
2129,João Paulo Correia,,gp_ps@ps.parlamento.pt,,,,,,,,
456,João Paulo Pedrosa,,gp_ps@ps.parlamento.pt,,,,,,,,
1657,João Pinho de Almeida,,joaoalmeida@cds.parlamento.pt,,http://www.facebook.com/people/Joao-Pinho-de-Almeida/580149754,,,,,,
2230,João Portugal,,gp_ps@ps.parlamento.pt,,,,,,,,
303,João Prata,Educação e Ciência,,,,,,,,,
1654,João Rebelo,,jrebelo@cds.parlamento.pt,,,,,,,,
803,João Semedo,Saúde,joao.semedo@be.parlamento.pt,http://pt.wikipedia.org/wiki/Jo%C3%A3o_Semedo,,,,,,,
1703,João Sequeira,,gp_ps@ps.parlamento.pt,,,,,,,,
3995,João Serpa Oliva,,joaodeserpaoliva@cds.parlamento.pt,,,,,,,,
2266,João Serrano,,jserrano@ps.parlamento.pt,,,,,,,,
1814,João Soares,,joaosoares@ps.parlamento.pt,http://pt.wikipedia.org/wiki/Jo%C3%A3o_Barroso_Soares,,,,http://www.joaosoares.net/,,,
1268,Joaquim Couto,,,,http://www.facebook.com/pages/Joaquim-Couto/105708563941,http://twitter.com/joaquimcouto,http://joaquimcouto.blogspot.com/,,,,
1826,Joaquim Ponte,Defesa,jponte@psd.parlamento.pt,,,,,,,,
4013,Jorge Bacelar Gouveia,"Ética, Sociedade e Cultura; Assuntos Constitucionais, Direitos, Liberdades e Garantias",,,,,,http://www.jorgebacelargouveia.com,,,
2064,Jorge Costa,"Defesa; Obras Públicas, Transportes e Comunicações",jorgecosta@psd.parlamento.pt,,,,,,,,
2165,Jorge Fão,,,,,,,http://www.jorgefao.com.pt,,,
1380,Jorge Manuel Gonçalves,,gp_ps@ps.parlamento.pt,,,,,,,,
2069,Jorge Machado,Defesa; Trabalho e Segurança Social; Ambiente e Ordenamento do Território,,,,,,,,,
2227,Jorge Seguro Sanches,,jseguro@ps.parlamento.pt,,http://www.facebook.com/jorgeseguro,http://twitter.com/JorgeSeguro,http://jorgeseguro.blogspot.com/,,,,
1270,Jorge Strecht,Vice-presidente da bancada,jstrecht@ps.parlamento.pt,,,,,,,,
77,José Cesário,Vice-presidente da comissão de Negócios Estrangeiros,jcesario@psd.parlamento.pt,,,,,,,,
1639,José Eduardo Martins,Vice-presidente da bancada; Economia e Inovação,jemartins@psd.parlamento.pt,http://pt.wikipedia.org/wiki/Jos%C3%A9_Eduardo_Martins,http://www.facebook.com/joseeduardomartins,,,,,,
3957,José Ferreira Gomes,Vice-presidente da comissão de Educação e Ciência,,,http://www.facebook.com/jfgomes2,,,http://www.fc.up.pt/pessoas/jfgomes/,,,
4174,José Gusmão,Orçamento e Finanças,josé.gusmao@be.parlamento.pt,,http://www.facebook.com/people/Jose-Guilherme-Gusmao/100000290975304,,http://ladroesdebicicletas.blogspot.com,,,,
4202,José de Bianchi,,gp_ps@ps.parlamento.pt,,,,,,,,
187,José Lello,,joselello@ps.parlamento.pt,http://pt.wikipedia.org/wiki/Jos%C3%A9_Lello,http://pt-pt.facebook.com/people/Jose-Lello/1736791246,http://twitter.com/joselello,http://blogs.parlamento.pt/bloglello,,,,
1638,José Luís Arnaut,Presidente da comissão de Defesa; Negócios Estrangeiros e Comunidades,jlarnaut@psd.parlamento.pt,http://pt.wikipedia.org/wiki/Jos%C3%A9_Lu%C3%ADs_Arnaut,,,,,,,
780,José Luís Ferreira,"Assuntos constitucionais, Direitos, Liberdades e Garantias; Agricultura e Pescas; Obras Públicas, Transportes e Comunicações",josé.ferreira@pev.parlamento.pt,,,http://twitter.com/JoseLFerreira,,,,,
3998,José Manuel Pureza,Presidente do grupo parlamentar; Negócios Estrangeiros,jose.pureza@be.parlamento.pt,http://pt.wikipedia.org/wiki/Jos%C3%A9_Manuel_Pureza,http://www.facebook.com/people/Jose-Manuel-Pureza/1175263368,http://twitter.com/jmpureza,http://palombellarossa.blogspot.com/,,,,
4225,José Manuel Rodrigues,,jmr@cds.parlamento.pt,,http://www.facebook.com/pages/Jose-Manuel-Rodrigues/111682137469,,,,,,
1643,José de Matos Correia,"Presidente da comissão de Obras Públicas, Transportes e Comunicações",jmcorreia@psd.parlamento.pt,,,,,,,,
1951,José de Matos Rosa,"Orçamento e Finanças; Obras Públicas, Transportes e Comunicações",,,,,,,,,
682,José Miguel Medeiros,,gp_ps@ps.parlamento.pt,,,,,,,,
78,Pacheco Pereira,Negócios Estrangeiros e Comunidades; Defesa,,http://pt.wikipedia.org/wiki/Pacheco_Pereira,,,http://www.abrupto.blogspot.com,,,,Quadratura do círculo (Sic notícias); Ponto contra Ponto (Sic notícias)
2061,José Pedro Aguiar Branco,Presidente do grupo parlamentar,gp_psd@psd.parlamento.pt,http://pt.wikipedia.org/wiki/Jos%C3%A9_Pedro_Aguiar_Branco,http://www.facebook.com/people/Jose-Pedro-Aguiar-Branco,,,,,,
4026,José Pereira Marques,,gp_ps@ps.parlamento.pt,,,,,,,,
1683,José Ribeiro,,gp_ps@ps.parlamento.pt,,,,,,,,
1584,José Ribeiro e Castro,,jrcastro@cds.parlamento.pt,http://pt.wikipedia.org/wiki/Jos%C3%A9_Ribeiro_e_Castro,http://www.facebook.com/people/Jose-Ribeiro-E-Castro/100000111405043,http://twitter.com/ribeiroecastro,,,,,
1339,José Soeiro,Negócios Estrangeiros; Economia e Inovação; Agricultura e Pescas,,,,,,,,,
2433,José Soeiro,,jose.soeiro@be.parlamento.pt,http://pt.wikipedia.org/wiki/Jos%C3%A9_Moura_Soeiro,http://www.facebook.com/jose.soeiro,,,,,,
185,José Vera Jardim,Vice -presidente do Parlamento,verajardim@ps.parlamento.pt,http://pt.wikipedia.org/wiki/Jos%C3%A9_Vera_Jardim,,,,,,,
2109,Lúcio Ferreira,,lucioferreira@ps.parlamento.pt,,,,,,,,
1998,Luís Campos Ferreira,Defesa,luiscf@psd.parlamento.pt,,,,,,,,
288,Luís Capoulas,Agricultura e Pescas,,,,,,,,,
263,Luís Fazenda,Vice-presidente da Assembleia da República,luis.fazenda@be.parlamento.pt,http://pt.wikipedia.org/wiki/Lu%C3%ADs_Fazenda,,,,,,,
2078,Luís Carloto Marques,,,,,http://twitter.com/luiscarloto,http://blogs.parlamento.pt/acidadeeasserras/default.aspx,,,,
1825,Luís Rodrigues,Assuntos Europeus,luisrodrigues@psd.parlamento.pt,,,,,,,,
2155,Luís Gonelha,,gp_ps@ps.parlamento.pt,,,,,,,,
1239,Luís Marques Guedes,"Presidente da comissão de Ética, Sociedade e Cultura",lmguedes@psd.parlamento.pt,,,,,,,,
4145,Luís Menezes,Saúde,,,,,,,,,
4220,Luís Miguel França,,gp_ps@ps.parlamento.pt,,,,,,,,
1561,Luís Montenegro,"Assuntos Constitucionais, Direitos, Liberdades e Garantias; Defesa",luismontenegro@psd.parlamento.pt,,,,,,,,
413,Luís Pita Ameixa,,ameixa@ps.parlamento.pt,,,,,http://paginaspessoais.parlamento.pt/ameixa/,,,
4144,Luísa Roseira,Assuntos Europeus; Ambiente e Ordenamento do Território,,,http://www.facebook.com/luisaroseira,,,,,,
2092,Luísa Salgueiro,,,,http://www.facebook.com/people/Luisa-Maria-Neves-Salgueiro/1636625836,,,,,,
1666,Luiz Fagundes Duarte,,gp_ps@ps.parlamento.pt,http://pt.wikipedia.org/wiki/Luiz_Fagundes_Duarte,,,,,,,
397,Correia de Jesus,Defesa,cjesus@psd.parlamento.pt,,,,http://domaraserra.blogs.sapo.pt,,,,
2214,Manuel Mota,,,,,,http://www.manuelmota.com.pt/blog,http://www.manuelmota.com.pt/,,,
4134,Manuel Seabra,,gp_ps@ps.parlamento.pt,,,,,,,,
1969,Manuela de Melo,Vice-presidente da bancada,mmelo@ps.parlamento.pt,,,,,,,,
319,Manuela Ferreira Leite,,,http://pt.wikipedia.org/wiki/Manuela_Ferreira_Leite,http://www.facebook.com/mferreiraleite,,,,,,
2268,Marcos Sá,,msa@ps.parlamento.pt,,,http://twitter.com/marcossa5,,,,,
4146,Margarida Almeida,Trabalho e Segurança Social,,,,,,,,,
1594,Maria Antónia Almeida Santos,,maasantos@ps.parlamento.pt,,,,,,,,
4051,Maria Conceição Pereira,"Trabalho e Segurança Social; Ética, Sociedade e Cultura",,,,,,,,,
4193,Maria das Mercês Soares,Saúde; Trabalho e Segurança Social,,,,,,,,,
1671,Maria de Belém Roseira,Vice-presidente da bancada,mbelemroseira@ps.parlamento.pt,http://pt.wikipedia.org/wiki/Maria_de_Bel%C3%A9m_Roseira,,,,http://paginaspessoais.parlamento.pt/mariabelemroseira/,,,
1684,Maria de Lurdes Ruivo,,mlruivo@ps.parlamento.pt,,,,,,,,
1023,Maria do Rosário Carneiro,,,,,,,http://paginaspessoais.parlamento.pt/mariarosariocarneiro,,,
3942,Francisca Almeida,Trabalho e Segurança Social,,,,,,,,,
2095,Maria José Gamboa,,mjgamboa@ps.parlamento.pt,,,,,,,,
1084,Maria José Nogueira Pinto,Saúde,,http://pt.wikipedia.org/wiki/Maria_Jos%C3%A9_Nogueira_Pinto,,,,,,,
3906,Maria Luísa Santos,,gp_ps@ps.parlamento.pt,,,,,,,,
1172,Maria Manuela Augusto,,gp_ps@ps.parlamento.pt,,,,,,,,
3918,Maria Paula Cardoso,Educação e Ciência; Negócios Estrangeiros e Comunidades,,,,,,,,,
2156,Mariana Aiveca,Trabalho e Segurança Social,mariana.aiveca@be.parlamento.pt,http://pt.wikipedia.org/wiki/Mariana_Aiveca,,,,,,,
1973,Mário Mourão,,gp_ps@ps.parlamento.pt,,,,,,,,
148,Marques Júnior,,mjunior@ps.parlamento.pt,,,,,,,,
249,Mendes Bota,Negócios Estrangeiros e Comunidades,mendesbota@psd.parlamento.pt,,,,,http://www.mendesbota.com,,,
4157,Michael Seufert,,mseufert@cds.parlamento.pt,http://pt.wikipedia.org/wiki/Michael_Seufert,http://www.facebook.com/michael.seufert,http://twitter.com/seufert,http://blog.michaelseufert.com,,,,
1164,Miguel Coelho,,mcoelho@ps.parlamento.pt,,,,,,,,
1990,Miguel Frasquilho,Vice-presidente da bancada; Orçamento e Finanças,mfrasquilho@psd.parlamento.pt,http://pt.wikipedia.org/wiki/Miguel_Frasquilho,,,http://quartarepublica.blogspot.com/,,,,
2250,Miguel Freitas,,gp_ps@ps.parlamento.pt,,,,,,,,
2212,Miguel Laranjeiro,,Laranjeiro@ps.parlamento.pt,,,,,http://www.miguellaranjeiro.com/,,,
123,Miguel Macedo,"Assuntos Constitucionais, Direitos, Liberdades e Garantias",miguelmacedo@psd.parlamento.pt,,,,,,,,
2184,Miguel Tiago,Educação e Ciência,,,,http://twitter.com/migueltiago,http://imperiobarbaro.blogspot.com,,,,
4065,Miguel Vale Almeida,,,,,,http://blog.miguelvaledealmeida.net,http://site.miguelvaledealmeida.net,,,
193,Miranda Calha,,mcalha@ps.parlamento.pt,,,,,,,,
1512,Mota Andrade,Vice-presidente da bancada,motaandrade@ps.parlamento.pt,,,,,,,,
3991,Nuno Encarnação,Economia e Inovação,,,http://www.facebook.com/nuno.encarnacao1,,,,,,
2084,Nuno Magalhães,,nmagalhaes@cds.parlamento.pt,,http://pt-pt.facebook.com/pages/Nuno-Magalhaes/143079218523,http://twitter.com/nunomagalhaes,,,,,
2137,Nuno Antão,,,,http://www.facebook.com/home.php#/nunoantao?ref=nf,http://twitter.com/nunoantao,http://www.nunoantao.blogspot.com,,,,
4135,Nuno Araújo,,gp_ps@ps.parlamento.pt,,,,,,,,
1980,Nuno Morais Sarmento,,,,,,,,,,Contraste (Sic notícias)
3943,Nuno Reis,Economia e Inovação,,,http://www.facebook.com/pages/Nuno-Reis-2009,http://twitter.com/Nuno_Reis,,http://www.nunoreis2009.eu,,,
2260,Odete João,,oj@ps.parlamento.pt,,,,,http://odetejoao.com,,,
1373,Osvaldo de Castro,,osvaldocastro@ps.parlamento.pt,,,,,,,,
2169,Paula Barros,Vice-presidente da bancada,,,,,,,,,
4197,Paula Santos,Negócios Estrangeiros; Saúde; Ambiente e Ordenamento do Território,,,,,,,,,
1384,Paulo Batista Santos,Agricultura e Pescas; Orçamento e Finanças,,,,,,,,,
2183,Paulo Barradas,,gp_ps@ps.parlamento.pt,,,,,,,,
2641,Paulo Cavaleiro,"Obras Públicas, Transportes e Comunicações; Ambiente e Ordenamento do Território",,,,,,,,,
3989,Paulo Mota Pinto,Presidente da comissão do Orçamento,,http://pt.wikipedia.org/wiki/Paulo_Mota_Pinto,http://www.facebook.com/people/Paulo-Mota-Pinto/1111773953,http://twitter.com/paulomotapinto,,,,,
722,Paulo Pedroso,,,,,http://twitter.com/paulopedroso,http://bancocorrido.blogspot.com; http://paulopedroso.blogspot.com; http://ocanhoto.blogspot.com,,,,
1741,Paulo Pisco,,gp_ps@ps.parlamento.pt,,,,,,,,
1352,Paulo Portas,,pportas@cds.parlamento.pt,http://pt.wikipedia.org/wiki/Paulo_Portas,http://www.facebook.com/pauloportasCDS,,,,,,
1922,Pedro Brandão Rodrigues,,pedropontebrandao@cds.parlamento.pt,,,,,,,,
1686,Pedro Duarte,Vice-presidente da bancada; Assuntos Europeus,pduarte@psd.parlamento.pt,http://pt.wikipedia.org/wiki/Pedro_Duarte,http://www.facebook.com/pedromiguelduarte,http://twitter.com/Pedro_Duarte,http://pedroduarte.com/blog.asp,http://pedroduarte.com,,,
2264,Pedro Farmhouse,,pfarmhouse@ps.parlamento.pt,,,,,,,,
3926,Pedro Filipe Soares,,pedro-filipe.soares@be.parlamento.pt,,,http://twitter.com/PedrofgSoares,,,,,
4085,Pedro Lynce,Vice-presidente da comissão de Agricultura e Pescas,,http://pt.wikipedia.org/wiki/Pedro_Duarte,,,,,,,
1102,Pedro Mota Soares,Líder parlamentar,pedromotasoares@cds.parlamento.pt,,http://www.facebook.com/pedromotasoares,http://twitter.com/pedromotasoares,,,,,
3945,Pedro Rodrigues,Educação e Ciência,,,,http://twitter.com/pedro_rodrigues,,,,,
3990,Pedro Saraiva,Economia e Inovação; Educação e Ciência,,,,,,,,,
839,Pedro Soares,Presidente da comissão de Agricultura e Pescas,pedro.soares@be.parlamento.pt,,,,,,,,
1943,Ramos Preto,,ramospreto@ps.parlamento.pt,,,,,,,,
4143,Raquel Coelho,Educação e Ciência,,,,,,,,,
1801,Raúl de Almeida,,raul.almeida@cds.parlamento.pt,,http://www.facebook.com/people/Raul-Almeida/1795039613,,http://enguiafresca.blogspot.com/,,,,
1679,Renato Sampaio,Vice-presidente da bancada,,,,,,http://www.renatosampaio.net,,,
1570,Ricardo Gonçalves,,gp_ps@ps.parlamento.pt,,,,,,,,
2195,Ricardo Rodrigues,Vice-presidente da bancada,gp_ps@ps.parlamento.pt,,,,,,,,
2839,Rita Calvário,Ambiente e Ordenamento do Território,rita.calvario@be.parlamento.pt,,,,,,,,
4104,Rita Rato,"Educação e Ciência; Ética, Sociedade e Cultura",,,,,,,,,
204,Rosa Maria Albernaz,,albernaz@ps.parlamento.pt,,,,,,,,
728,Rosalina Martins,,gp_ps@ps.parlamento.pt,,,,,,,,
1960,Rosário Águas,Vice-presidente da bancada; Saúde,raguas@psd.parlamento.pt,,,,,,,,
1170,Rui Pereira,,gp_ps@ps.parlamento.pt,,,,,,,,
4067,Rui Prudêncio,,gp_ps@ps.parlamento.pt,,,,,,,,
1264,Sérgio Sousa Pinto,Vice-presidente da bancada,,http://pt.wikipedia.org/wiki/S%C3%A9rgio_Sousa_Pinto,,,,,,,
1238,Sérgio Vieira,Negócios Estrangeiros e Comunidades,svieira@psd.parlamento.pt,,,http://twitter.com/sergiovieira70,,,,,
4188,Sofia Cabral,,gp_ps@ps.parlamento.pt,,,,,,,,
1028,Sónia Fertuzinhos,Vice-presidente da bancada,sfertuzinhos@ps.parlamento.pt,,,,,,,,
1655,Telmo Correia,,tcorreia@cds.parlamento.pt,http://pt.wikipedia.org/wiki/Telmo_Correia,http://www.facebook.com/pages/Telmo-Correia/127209782409,http://twitter.com/Telmo_Correia,,,,,
1923,Teresa Caeiro,Vice-presidente do Parlamento,tcaeiro@cds.parlamento.pt,http://pt.wikipedia.org/wiki/Teresa_Caeiro,http://www.facebook.com/pages/Teresa-Caeiro/133883576466,http://twitter.com/teresacaeiro,,,,,
4068,Teresa Damásio,,gp_ps@ps.parlamento.pt,,,,,,,,
3944,Teresa Fernandes,Saúde,,,,,,,,,
1897,Teresa Morais,"Vice-presidente da bancada; Assuntos Constitucionais, Direitos, Liberdades e Garantias",,,,,,,,,
4213,Teresa Costa Santos,Agricultura e Pescas; Trabalho e Segurança Social,,,,,,,,,
1553,Teresa Venda,,tvenda@ps.parlamento.pt,,,http://twitter.com/teresavenda,http://blogs.parlamento.pt/casadapartilha/,http://paginaspessoais.parlamento.pt/teresavenda/,,,
1743,Ulisses Pereira,Agricultura e Pescas,,,,,,,,,
4221,Vânia Jesus,Assuntos Europeus; Educação e Ciência,,,http://www.facebook.com/people/Vania-Jesus/699895064,http://twitter.com/Vaniandrea,,,,,
1410,Vasco Cunha,"Obras Públicas, Transportes e Comunicações; Ambiente e Ordenamento do Território",vasco.cunha@psd.parlamento.pt,,,,,,,,
1592,Vítor Baptista,,victorbaptista@ps.parlamento.pt,,,,,,,,
1700,Vitalino Canas,,vitalinocanas@ps.parlamento.pt,,,,http://blogs.parlamento.pt/vitalinocanas/,,,,
3914,Vítor Fontes,,gp_ps@ps.parlamento.pt,,,,,,,,
